county,citizenship,Kvotflykting,of_which_unaccompanied_minors,Ordnat,of_which_unaccompanied_minors.1,Eget,of_which_unaccompanied_minors.2,Övriga,of_which_unaccompanied_minors.3,Anhöriga,of_which_unaccompanied_minors.4,total,of_which_unaccompanied_minors.5
BLEKINGE LÄN,AFGHANISTAN,0.0,0.0,14.0,13.0,21.0,0.0,0.0,0.0,31.0,0.0,66.0,13.0
,ALGERIET,0.0,0.0,0.0,0.0,0.0,0.0,0.0,0.0,1.0,0.0,1.0,0.0
,ARMENIEN,0.0,0.0,0.0,0.0,9.0,0.0,1.0,0.0,0.0,0.0,10.0,0.0
,EGYPTEN,0.0,0.0,0.0,0.0,2.0,0.0,0.0,0.0,0.0,0.0,2.0,0.0
,ERITREA,0.0,0.0,7.0,7.0,16.0,0.0,1.0,0.0,6.0,0.0,30.0,7.0
,ETIOPIEN,0.0,0.0,1.0,1.0,0.0,0.0,0.0,0.0,3.0,0.0,4.0,1.0
,GEORGIEN,0.0,0.0,0.0,0.0,4.0,0.0,1.0,0.0,0.0,0.0,5.0,0.0
,GREKLAND,0.0,0.0,0.0,0.0,4.0,0.0,0.0,0.0,0.0,0.0,4.0,0.0
,IRAK,0.0,0.0,2.0,1.0,9.0,0.0,0.0,0.0,0.0,0.0,11.0,1.0
,IRAN,0.0,0.0,4.0,0.0,0.0,0.0,0.0,0.0,1.0,0.0,5.0,0.0
,JORDANIEN,0.0,0.0,0.0,0.0,0.0,0.0,0.0,0.0,1.0,0.0,1.0,0.0
,KAMERUN,0.0,0.0,0.0,0.0,0.0,0.0,1.0,0.0,0.0,0.0,1.0,0.0
,KOSOVO,0.0,0.0,0.0,0.0,5.0,0.0,0.0,0.0,0.0,0.0,5.0,0.0
,LIBANON,0.0,0.0,0.0,0.0,4.0,0.0,0.0,0.0,0.0,0.0,4.0,0.0
,LIBYEN,0.0,0.0,0.0,0.0,4.0,0.0,0.0,0.0,0.0,0.0,4.0,0.0
,MAKEDONIEN,0.0,0.0,0.0,0.0,7.0,0.0,0.0,0.0,0.0,0.0,7.0,0.0
,MAROCKO,0.0,0.0,1.0,0.0,2.0,0.0,0.0,0.0,0.0,0.0,3.0,0.0
,NIGERIA,0.0,0.0,2.0,0.0,3.0,0.0,0.0,0.0,0.0,0.0,5.0,0.0
,OKÄNT,0.0,0.0,0.0,0.0,2.0,0.0,0.0,0.0,0.0,0.0,2.0,0.0
,RUMÄNIEN,0.0,0.0,0.0,0.0,1.0,0.0,0.0,0.0,0.0,0.0,1.0,0.0
,RWANDA,0.0,0.0,0.0,0.0,2.0,0.0,0.0,0.0,0.0,0.0,2.0,0.0
,RYSSLAND,0.0,0.0,0.0,0.0,9.0,0.0,2.0,0.0,0.0,0.0,11.0,0.0
,SERBIEN,0.0,0.0,4.0,0.0,0.0,0.0,0.0,0.0,0.0,0.0,4.0,0.0
,SIERRA LEONE,0.0,0.0,0.0,0.0,1.0,0.0,0.0,0.0,0.0,0.0,1.0,0.0
,SOMALIA,1.0,0.0,4.0,4.0,9.0,1.0,0.0,0.0,26.0,0.0,40.0,5.0
,STATEN PALESTINA,0.0,0.0,0.0,0.0,10.0,1.0,0.0,0.0,0.0,0.0,10.0,1.0
,STATSLÖS,0.0,0.0,4.0,1.0,126.0,8.0,4.0,0.0,51.0,0.0,185.0,9.0
,SUDAN,0.0,0.0,0.0,0.0,3.0,1.0,0.0,0.0,0.0,0.0,3.0,1.0
,SYRIEN,1.0,0.0,62.0,4.0,606.0,16.0,21.0,2.0,532.0,0.0,1222.0,22.0
,TURKIET,0.0,0.0,0.0,0.0,1.0,0.0,0.0,0.0,0.0,0.0,1.0,0.0
,UKRAINA,0.0,0.0,0.0,0.0,6.0,1.0,0.0,0.0,0.0,0.0,6.0,1.0
BLEKINGE LÄN,Delsumma,2.0,0.0,105.0,31.0,866.0,28.0,31.0,2.0,652.0,0.0,1656.0,61.0
DALARNAS LÄN,AFGHANISTAN,14.0,0.0,48.0,46.0,25.0,12.0,0.0,0.0,30.0,0.0,117.0,58.0
,ALBANIEN,0.0,0.0,0.0,0.0,2.0,0.0,0.0,0.0,0.0,0.0,2.0,0.0
,ARMENIEN,0.0,0.0,4.0,0.0,0.0,0.0,0.0,0.0,0.0,0.0,4.0,0.0
,AZERBAJDZJAN,0.0,0.0,6.0,0.0,2.0,0.0,0.0,0.0,0.0,0.0,8.0,0.0
,BURUNDI,0.0,0.0,0.0,0.0,0.0,0.0,0.0,0.0,1.0,0.0,1.0,0.0
,COLOMBIA,9.0,0.0,0.0,0.0,0.0,0.0,0.0,0.0,0.0,0.0,9.0,0.0
,DEM REPUBLIKEN KONGO,0.0,0.0,0.0,0.0,0.0,0.0,0.0,0.0,2.0,0.0,2.0,0.0
,DJIBOUTI,0.0,0.0,0.0,0.0,1.0,0.0,0.0,0.0,0.0,0.0,1.0,0.0
,EGYPTEN,0.0,0.0,4.0,0.0,0.0,0.0,0.0,0.0,0.0,0.0,4.0,0.0
,ERITREA,1.0,0.0,133.0,46.0,568.0,15.0,7.0,0.0,24.0,0.0,733.0,61.0
,ETIOPIEN,0.0,0.0,7.0,4.0,3.0,1.0,3.0,0.0,5.0,0.0,18.0,5.0
,FILIPPINERNA,0.0,0.0,0.0,0.0,0.0,0.0,0.0,0.0,1.0,0.0,1.0,0.0
,GAMBIA,0.0,0.0,1.0,1.0,0.0,0.0,0.0,0.0,0.0,0.0,1.0,1.0
,GEORGIEN,0.0,0.0,0.0,0.0,2.0,0.0,0.0,0.0,0.0,0.0,2.0,0.0
,GREKLAND,0.0,0.0,0.0,0.0,0.0,0.0,0.0,0.0,3.0,0.0,3.0,0.0
,GUINEA,0.0,0.0,0.0,0.0,3.0,0.0,0.0,0.0,0.0,0.0,3.0,0.0
,IRAK,4.0,3.0,3.0,1.0,23.0,4.0,0.0,0.0,2.0,0.0,32.0,8.0
,IRAN,0.0,0.0,1.0,1.0,7.0,0.0,0.0,0.0,2.0,0.0,10.0,1.0
,JEMEN,0.0,0.0,0.0,0.0,1.0,0.0,0.0,0.0,0.0,0.0,1.0,0.0
,JORDANIEN,0.0,0.0,0.0,0.0,2.0,0.0,0.0,0.0,2.0,0.0,4.0,0.0
,KAZAKSTAN,0.0,0.0,0.0,0.0,2.0,0.0,0.0,0.0,0.0,0.0,2.0,0.0
,KINA,0.0,0.0,0.0,0.0,0.0,0.0,0.0,0.0,2.0,0.0,2.0,0.0
,LIBANON,0.0,0.0,0.0,0.0,5.0,0.0,0.0,0.0,0.0,0.0,5.0,0.0
,LIBYEN,0.0,0.0,1.0,0.0,0.0,0.0,0.0,0.0,0.0,0.0,1.0,0.0
,NEDERLÄNDERNA,0.0,0.0,0.0,0.0,0.0,0.0,0.0,0.0,1.0,0.0,1.0,0.0
,NIGERIA,0.0,0.0,0.0,0.0,6.0,0.0,0.0,0.0,0.0,0.0,6.0,0.0
,OKÄNT,0.0,0.0,0.0,0.0,0.0,0.0,0.0,0.0,3.0,0.0,3.0,0.0
,POLEN,0.0,0.0,0.0,0.0,0.0,0.0,0.0,0.0,3.0,0.0,3.0,0.0
,RYSSLAND,0.0,0.0,7.0,0.0,5.0,0.0,0.0,0.0,0.0,0.0,12.0,0.0
,SAUDIARABIEN,0.0,0.0,0.0,0.0,5.0,0.0,0.0,0.0,0.0,0.0,5.0,0.0
,SERBIEN,0.0,0.0,1.0,0.0,0.0,0.0,0.0,0.0,0.0,0.0,1.0,0.0
,SOMALIA,33.0,0.0,13.0,12.0,40.0,11.0,1.0,0.0,83.0,0.0,170.0,23.0
,STATEN PALESTINA,0.0,0.0,3.0,0.0,11.0,0.0,0.0,0.0,4.0,0.0,18.0,0.0
,STATSLÖS,4.0,0.0,25.0,2.0,85.0,8.0,2.0,0.0,76.0,0.0,192.0,10.0
,SUDAN,0.0,0.0,0.0,0.0,1.0,0.0,0.0,0.0,1.0,0.0,2.0,0.0
,SYRIEN,31.0,0.0,123.0,8.0,501.0,20.0,16.0,0.0,241.0,0.0,912.0,28.0
,UGANDA,0.0,0.0,2.0,2.0,1.0,0.0,0.0,0.0,0.0,0.0,3.0,2.0
,UKRAINA,0.0,0.0,0.0,0.0,0.0,0.0,0.0,0.0,1.0,0.0,1.0,0.0
,UNDER UTREDNING,0.0,0.0,1.0,0.0,2.0,0.0,0.0,0.0,6.0,0.0,9.0,0.0
DALARNAS LÄN,Delsumma,96.0,3.0,383.0,123.0,1303.0,71.0,29.0,0.0,493.0,0.0,2304.0,197.0
GOTLANDS LÄN,AFGHANISTAN,0.0,0.0,3.0,3.0,1.0,1.0,0.0,0.0,10.0,0.0,14.0,4.0
,ERITREA,0.0,0.0,9.0,4.0,0.0,0.0,0.0,0.0,1.0,0.0,10.0,4.0
,LIBYEN,0.0,0.0,0.0,0.0,1.0,0.0,0.0,0.0,0.0,0.0,1.0,0.0
,MAROCKO,0.0,0.0,1.0,1.0,0.0,0.0,0.0,0.0,0.0,0.0,1.0,1.0
,SOMALIA,0.0,0.0,3.0,3.0,0.0,0.0,0.0,0.0,0.0,0.0,3.0,3.0
,STATEN PALESTINA,0.0,0.0,0.0,0.0,6.0,0.0,0.0,0.0,0.0,0.0,6.0,0.0
,STATSLÖS,0.0,0.0,0.0,0.0,3.0,0.0,0.0,0.0,6.0,0.0,9.0,0.0
,SYRIEN,11.0,0.0,11.0,2.0,8.0,0.0,0.0,0.0,27.0,0.0,57.0,2.0
GOTLANDS LÄN,Delsumma,11.0,0.0,27.0,13.0,19.0,1.0,0.0,0.0,44.0,0.0,101.0,14.0
GÄVLEBORGS LÄN,AFGHANISTAN,9.0,0.0,24.0,24.0,13.0,4.0,2.0,0.0,39.0,0.0,87.0,28.0
,ALBANIEN,0.0,0.0,0.0,0.0,11.0,0.0,0.0,0.0,0.0,0.0,11.0,0.0
,ARMENIEN,0.0,0.0,5.0,0.0,0.0,0.0,0.0,0.0,0.0,0.0,5.0,0.0
,AZERBAJDZJAN,0.0,0.0,5.0,0.0,0.0,0.0,0.0,0.0,0.0,0.0,5.0,0.0
,BURUNDI,1.0,0.0,0.0,0.0,1.0,0.0,0.0,0.0,1.0,0.0,3.0,0.0
,COLOMBIA,9.0,0.0,0.0,0.0,0.0,0.0,0.0,0.0,1.0,0.0,10.0,0.0
,DEM REPUBLIKEN KONGO,39.0,0.0,0.0,0.0,0.0,0.0,0.0,0.0,8.0,0.0,47.0,0.0
,DJIBOUTI,0.0,0.0,0.0,0.0,0.0,0.0,0.0,0.0,1.0,0.0,1.0,0.0
,ECUADOR,1.0,0.0,0.0,0.0,0.0,0.0,0.0,0.0,0.0,0.0,1.0,0.0
,EGYPTEN,0.0,0.0,0.0,0.0,0.0,0.0,0.0,0.0,1.0,0.0,1.0,0.0
,ERITREA,3.0,0.0,121.0,56.0,757.0,17.0,2.0,0.0,108.0,0.0,991.0,73.0
,ETIOPIEN,14.0,0.0,4.0,4.0,4.0,1.0,1.0,0.0,17.0,0.0,40.0,5.0
,GAMBIA,0.0,0.0,1.0,1.0,1.0,1.0,1.0,0.0,0.0,0.0,3.0,2.0
,GHANA,0.0,0.0,0.0,0.0,1.0,1.0,0.0,0.0,0.0,0.0,1.0,1.0
,GUINEA,0.0,0.0,0.0,0.0,1.0,0.0,0.0,0.0,0.0,0.0,1.0,0.0
,IRAK,0.0,0.0,0.0,0.0,12.0,2.0,0.0,0.0,10.0,0.0,22.0,2.0
,IRAN,1.0,0.0,3.0,0.0,13.0,0.0,1.0,1.0,1.0,0.0,19.0,1.0
,JEMEN,0.0,0.0,1.0,1.0,0.0,0.0,0.0,0.0,0.0,0.0,1.0,1.0
,JORDANIEN,0.0,0.0,0.0,0.0,1.0,0.0,0.0,0.0,1.0,0.0,2.0,0.0
,KAZAKSTAN,0.0,0.0,0.0,0.0,5.0,0.0,0.0,0.0,0.0,0.0,5.0,0.0
,KIRGIZISTAN,0.0,0.0,1.0,0.0,0.0,0.0,0.0,0.0,0.0,0.0,1.0,0.0
,KOSOVO,0.0,0.0,0.0,0.0,3.0,0.0,0.0,0.0,0.0,0.0,3.0,0.0
,KUBA,1.0,0.0,0.0,0.0,0.0,0.0,0.0,0.0,0.0,0.0,1.0,0.0
,LIBYEN,0.0,0.0,0.0,0.0,0.0,0.0,1.0,0.0,0.0,0.0,1.0,0.0
,MAKEDONIEN,0.0,0.0,0.0,0.0,3.0,0.0,0.0,0.0,0.0,0.0,3.0,0.0
,MAROCKO,0.0,0.0,1.0,1.0,0.0,0.0,0.0,0.0,0.0,0.0,1.0,1.0
,NIGERIA,0.0,0.0,0.0,0.0,1.0,0.0,0.0,0.0,1.0,0.0,2.0,0.0
,OKÄNT,0.0,0.0,0.0,0.0,1.0,0.0,1.0,0.0,0.0,0.0,2.0,0.0
,PAKISTAN,0.0,0.0,1.0,1.0,0.0,0.0,0.0,0.0,0.0,0.0,1.0,1.0
,RUMÄNIEN,0.0,0.0,0.0,0.0,0.0,0.0,0.0,0.0,1.0,0.0,1.0,0.0
,RYSSLAND,0.0,0.0,1.0,1.0,7.0,0.0,0.0,0.0,1.0,0.0,9.0,1.0
,SENEGAL,0.0,0.0,0.0,0.0,1.0,0.0,0.0,0.0,0.0,0.0,1.0,0.0
,SOMALIA,5.0,0.0,10.0,10.0,25.0,6.0,0.0,0.0,73.0,0.0,113.0,16.0
,STATEN PALESTINA,0.0,0.0,0.0,0.0,6.0,3.0,0.0,0.0,0.0,0.0,6.0,3.0
,STATSLÖS,24.0,0.0,12.0,3.0,77.0,5.0,1.0,0.0,73.0,0.0,187.0,8.0
,SUDAN,2.0,0.0,1.0,1.0,4.0,0.0,0.0,0.0,2.0,0.0,9.0,1.0
,SYRIEN,59.0,0.0,46.0,8.0,466.0,29.0,10.0,0.0,407.0,0.0,988.0,37.0
,TUNISIEN,0.0,0.0,0.0,0.0,0.0,0.0,0.0,0.0,1.0,0.0,1.0,0.0
,TURKIET,0.0,0.0,0.0,0.0,6.0,0.0,1.0,0.0,3.0,0.0,10.0,0.0
,UGANDA,3.0,0.0,1.0,1.0,0.0,0.0,0.0,0.0,6.0,0.0,10.0,1.0
,UKRAINA,0.0,0.0,0.0,0.0,3.0,0.0,0.0,0.0,1.0,0.0,4.0,0.0
,UNDER UTREDNING,1.0,0.0,0.0,0.0,8.0,0.0,0.0,0.0,2.0,0.0,11.0,0.0
,UZBEKISTAN,0.0,0.0,0.0,0.0,3.0,0.0,0.0,0.0,0.0,0.0,3.0,0.0
GÄVLEBORGS LÄN,Delsumma,172.0,0.0,238.0,112.0,1434.0,69.0,21.0,1.0,759.0,0.0,2624.0,182.0
HALLANDS LÄN,AFGHANISTAN,0.0,0.0,11.0,9.0,5.0,0.0,0.0,0.0,8.0,0.0,24.0,9.0
,ARMENIEN,0.0,0.0,0.0,0.0,0.0,0.0,0.0,0.0,1.0,0.0,1.0,0.0
,EGYPTEN,0.0,0.0,1.0,0.0,1.0,0.0,0.0,0.0,0.0,0.0,2.0,0.0
,ERITREA,0.0,0.0,24.0,12.0,38.0,1.0,0.0,0.0,5.0,0.0,67.0,13.0
,ETIOPIEN,0.0,0.0,2.0,2.0,2.0,0.0,0.0,0.0,7.0,0.0,11.0,2.0
,IRAK,0.0,0.0,0.0,0.0,14.0,1.0,0.0,0.0,1.0,0.0,15.0,1.0
,JEMEN,0.0,0.0,0.0,0.0,1.0,0.0,0.0,0.0,1.0,0.0,2.0,0.0
,JORDANIEN,0.0,0.0,0.0,0.0,0.0,0.0,0.0,0.0,3.0,0.0,3.0,0.0
,KAZAKSTAN,0.0,0.0,4.0,0.0,0.0,0.0,0.0,0.0,0.0,0.0,4.0,0.0
,KOSOVO,0.0,0.0,0.0,0.0,0.0,0.0,1.0,1.0,0.0,0.0,1.0,1.0
,LIBANON,0.0,0.0,0.0,0.0,0.0,0.0,0.0,0.0,1.0,0.0,1.0,0.0
,LIBYEN,0.0,0.0,1.0,0.0,0.0,0.0,0.0,0.0,0.0,0.0,1.0,0.0
,MAROCKO,0.0,0.0,0.0,0.0,0.0,0.0,0.0,0.0,2.0,0.0,2.0,0.0
,RYSSLAND,0.0,0.0,4.0,0.0,6.0,0.0,0.0,0.0,1.0,0.0,11.0,0.0
,SOMALIA,0.0,0.0,9.0,4.0,7.0,1.0,0.0,0.0,26.0,0.0,42.0,5.0
,STATEN PALESTINA,0.0,0.0,0.0,0.0,8.0,1.0,0.0,0.0,5.0,0.0,13.0,1.0
,STATSLÖS,0.0,0.0,21.0,4.0,112.0,7.0,0.0,0.0,112.0,0.0,245.0,11.0
,SYRIEN,0.0,0.0,133.0,17.0,563.0,25.0,18.0,2.0,480.0,0.0,1194.0,44.0
,UGANDA,0.0,0.0,0.0,0.0,2.0,0.0,0.0,0.0,0.0,0.0,2.0,0.0
,VENEZUELA,0.0,0.0,0.0,0.0,2.0,0.0,0.0,0.0,0.0,0.0,2.0,0.0
,VITRYSSLAND,0.0,0.0,2.0,0.0,0.0,0.0,0.0,0.0,1.0,0.0,3.0,0.0
HALLANDS LÄN,Delsumma,0.0,0.0,212.0,48.0,761.0,36.0,19.0,3.0,654.0,0.0,1646.0,87.0
JÄMTLANDS LÄN,AFGHANISTAN,26.0,0.0,48.0,35.0,3.0,1.0,1.0,1.0,40.0,0.0,118.0,37.0
,COLOMBIA,10.0,0.0,0.0,0.0,0.0,0.0,0.0,0.0,0.0,0.0,10.0,0.0
,DEM REPUBLIKEN KONGO,21.0,0.0,0.0,0.0,0.0,0.0,0.0,0.0,0.0,0.0,21.0,0.0
,ELFENBENSKUSTEN,0.0,0.0,0.0,0.0,0.0,0.0,0.0,0.0,3.0,0.0,3.0,0.0
,ERITREA,4.0,0.0,155.0,17.0,180.0,7.0,5.0,0.0,33.0,1.0,377.0,25.0
,ETIOPIEN,0.0,0.0,4.0,1.0,0.0,0.0,0.0,0.0,1.0,0.0,5.0,1.0
,GUINEA,0.0,0.0,0.0,0.0,0.0,0.0,0.0,0.0,2.0,0.0,2.0,0.0
,IRAK,3.0,0.0,3.0,0.0,0.0,0.0,0.0,0.0,0.0,0.0,6.0,0.0
,IRAN,0.0,0.0,4.0,0.0,2.0,0.0,0.0,0.0,0.0,0.0,6.0,0.0
,JORDANIEN,0.0,0.0,1.0,0.0,0.0,0.0,0.0,0.0,0.0,0.0,1.0,0.0
,KAMERUN,0.0,0.0,0.0,0.0,2.0,0.0,1.0,0.0,0.0,0.0,3.0,0.0
,MAROCKO,0.0,0.0,2.0,2.0,0.0,0.0,0.0,0.0,0.0,0.0,2.0,2.0
,MAURETANIEN,0.0,0.0,1.0,0.0,0.0,0.0,0.0,0.0,0.0,0.0,1.0,0.0
,MONGOLIET,0.0,0.0,1.0,1.0,0.0,0.0,0.0,0.0,0.0,0.0,1.0,1.0
,NIGERIA,0.0,0.0,5.0,0.0,0.0,0.0,0.0,0.0,1.0,0.0,6.0,0.0
,PAKISTAN,0.0,0.0,0.0,0.0,0.0,0.0,0.0,0.0,1.0,0.0,1.0,0.0
,SERBIEN,0.0,0.0,1.0,1.0,0.0,0.0,0.0,0.0,0.0,0.0,1.0,1.0
,SOMALIA,37.0,0.0,5.0,5.0,3.0,0.0,0.0,0.0,20.0,0.0,65.0,5.0
,STATSLÖS,12.0,0.0,14.0,2.0,16.0,1.0,0.0,0.0,3.0,0.0,45.0,3.0
,SUDAN,0.0,0.0,5.0,1.0,1.0,0.0,0.0,0.0,2.0,0.0,8.0,1.0
,SYRIEN,26.0,0.0,83.0,1.0,134.0,3.0,2.0,0.0,69.0,0.0,314.0,4.0
,UGANDA,0.0,0.0,0.0,0.0,1.0,0.0,0.0,0.0,0.0,0.0,1.0,0.0
,UKRAINA,0.0,0.0,1.0,0.0,0.0,0.0,0.0,0.0,1.0,0.0,2.0,0.0
,UNDER UTREDNING,0.0,0.0,0.0,0.0,1.0,1.0,0.0,0.0,0.0,0.0,1.0,1.0
,USA,0.0,0.0,1.0,0.0,0.0,0.0,0.0,0.0,0.0,0.0,1.0,0.0
JÄMTLANDS LÄN,Delsumma,139.0,0.0,334.0,66.0,343.0,13.0,9.0,1.0,176.0,1.0,1001.0,81.0
JÖNKÖPINGS LÄN,AFGHANISTAN,50.0,0.0,27.0,19.0,14.0,4.0,0.0,0.0,47.0,0.0,138.0,23.0
,ALBANIEN,0.0,0.0,1.0,1.0,1.0,0.0,0.0,0.0,0.0,0.0,2.0,1.0
,ARMENIEN,0.0,0.0,0.0,0.0,10.0,0.0,0.0,0.0,0.0,0.0,10.0,0.0
,AZERBAJDZJAN,0.0,0.0,0.0,0.0,2.0,0.0,0.0,0.0,0.0,0.0,2.0,0.0
,BULGARIEN,0.0,0.0,0.0,0.0,2.0,0.0,0.0,0.0,0.0,0.0,2.0,0.0
,CHILE,0.0,0.0,0.0,0.0,0.0,0.0,1.0,0.0,0.0,0.0,1.0,0.0
,COLOMBIA,10.0,0.0,0.0,0.0,0.0,0.0,0.0,0.0,0.0,0.0,10.0,0.0
,DEM REPUBLIKEN KONGO,15.0,0.0,0.0,0.0,0.0,0.0,0.0,0.0,0.0,0.0,15.0,0.0
,DJIBOUTI,0.0,0.0,0.0,0.0,0.0,0.0,0.0,0.0,3.0,0.0,3.0,0.0
,EGYPTEN,0.0,0.0,0.0,0.0,2.0,0.0,0.0,0.0,0.0,0.0,2.0,0.0
,EL SALVADOR,0.0,0.0,0.0,0.0,4.0,0.0,0.0,0.0,0.0,0.0,4.0,0.0
,ERITREA,0.0,0.0,35.0,16.0,218.0,4.0,0.0,0.0,5.0,0.0,258.0,20.0
,ETIOPIEN,0.0,0.0,0.0,0.0,4.0,0.0,0.0,0.0,1.0,0.0,5.0,0.0
,GEORGIEN,0.0,0.0,0.0,0.0,1.0,0.0,0.0,0.0,0.0,0.0,1.0,0.0
,GHANA,0.0,0.0,0.0,0.0,1.0,1.0,0.0,0.0,0.0,0.0,1.0,1.0
,GREKLAND,0.0,0.0,0.0,0.0,1.0,0.0,0.0,0.0,0.0,0.0,1.0,0.0
,IRAK,0.0,0.0,0.0,0.0,28.0,1.0,0.0,0.0,12.0,0.0,40.0,1.0
,IRAN,0.0,0.0,0.0,0.0,3.0,0.0,4.0,0.0,0.0,0.0,7.0,0.0
,JEMEN,0.0,0.0,0.0,0.0,1.0,0.0,0.0,0.0,1.0,0.0,2.0,0.0
,JORDANIEN,0.0,0.0,0.0,0.0,3.0,0.0,1.0,0.0,2.0,0.0,6.0,0.0
,KENYA,1.0,0.0,0.0,0.0,0.0,0.0,0.0,0.0,0.0,0.0,1.0,0.0
,KOSOVO,0.0,0.0,8.0,0.0,5.0,0.0,0.0,0.0,0.0,0.0,13.0,0.0
,LIBANON,0.0,0.0,0.0,0.0,3.0,0.0,0.0,0.0,1.0,0.0,4.0,0.0
,LIBYEN,0.0,0.0,0.0,0.0,1.0,1.0,0.0,0.0,0.0,0.0,1.0,1.0
,MAROCKO,0.0,0.0,1.0,1.0,1.0,0.0,0.0,0.0,0.0,0.0,2.0,1.0
,NIGERIA,0.0,0.0,5.0,0.0,4.0,0.0,0.0,0.0,1.0,0.0,10.0,0.0
,OKÄNT,0.0,0.0,1.0,0.0,6.0,1.0,0.0,0.0,1.0,0.0,8.0,1.0
,RWANDA,6.0,1.0,0.0,0.0,0.0,0.0,0.0,0.0,0.0,0.0,6.0,1.0
,RYSSLAND,0.0,0.0,7.0,0.0,5.0,0.0,0.0,0.0,0.0,0.0,12.0,0.0
,SAUDIARABIEN,0.0,0.0,0.0,0.0,2.0,0.0,0.0,0.0,0.0,0.0,2.0,0.0
,SOMALIA,38.0,0.0,10.0,5.0,33.0,7.0,0.0,0.0,49.0,0.0,130.0,12.0
,STATEN PALESTINA,0.0,0.0,1.0,1.0,3.0,0.0,0.0,0.0,1.0,0.0,5.0,1.0
,STATSLÖS,4.0,0.0,20.0,4.0,146.0,6.0,2.0,0.0,75.0,0.0,247.0,10.0
,SUDAN,0.0,0.0,1.0,1.0,4.0,1.0,0.0,0.0,1.0,0.0,6.0,2.0
,SYRIEN,50.0,0.0,106.0,8.0,899.0,25.0,6.0,0.0,576.0,0.0,1637.0,33.0
,TURKIET,0.0,0.0,0.0,0.0,0.0,0.0,0.0,0.0,1.0,0.0,1.0,0.0
,UGANDA,0.0,0.0,1.0,1.0,4.0,0.0,0.0,0.0,7.0,0.0,12.0,1.0
,UKRAINA,0.0,0.0,0.0,0.0,0.0,0.0,0.0,0.0,7.0,0.0,7.0,0.0
,UZBEKISTAN,0.0,0.0,1.0,1.0,0.0,0.0,0.0,0.0,0.0,0.0,1.0,1.0
,VIETNAM,0.0,0.0,0.0,0.0,2.0,0.0,0.0,0.0,0.0,0.0,2.0,0.0
,ZIMBABWE,0.0,0.0,0.0,0.0,1.0,0.0,0.0,0.0,4.0,0.0,5.0,0.0
JÖNKÖPINGS LÄN,Delsumma,174.0,1.0,225.0,58.0,1414.0,51.0,14.0,0.0,795.0,0.0,2622.0,110.0
KALMAR LÄN,AFGHANISTAN,12.0,0.0,42.0,24.0,22.0,4.0,1.0,0.0,29.0,0.0,106.0,28.0
,ARMENIEN,0.0,0.0,0.0,0.0,8.0,0.0,0.0,0.0,0.0,0.0,8.0,0.0
,BANGLADESH,0.0,0.0,0.0,0.0,0.0,0.0,0.0,0.0,1.0,0.0,1.0,0.0
,BOSNIEN OCH HERCEGOVINA,0.0,0.0,6.0,0.0,0.0,0.0,0.0,0.0,0.0,0.0,6.0,0.0
,BULGARIEN,0.0,0.0,0.0,0.0,0.0,0.0,0.0,0.0,1.0,0.0,1.0,0.0
,BURUNDI,1.0,0.0,0.0,0.0,0.0,0.0,0.0,0.0,0.0,0.0,1.0,0.0
,COLOMBIA,11.0,0.0,0.0,0.0,0.0,0.0,0.0,0.0,0.0,0.0,11.0,0.0
,DEM REPUBLIKEN KONGO,27.0,0.0,0.0,0.0,0.0,0.0,0.0,0.0,1.0,0.0,28.0,0.0
,ECUADOR,1.0,0.0,0.0,0.0,0.0,0.0,0.0,0.0,0.0,0.0,1.0,0.0
,ELFENBENSKUSTEN,0.0,0.0,0.0,0.0,0.0,0.0,0.0,0.0,2.0,0.0,2.0,0.0
,ERITREA,0.0,0.0,49.0,18.0,144.0,6.0,2.0,0.0,3.0,0.0,198.0,24.0
,ETIOPIEN,3.0,0.0,0.0,0.0,3.0,2.0,0.0,0.0,2.0,0.0,8.0,2.0
,GAMBIA,0.0,0.0,0.0,0.0,1.0,0.0,0.0,0.0,0.0,0.0,1.0,0.0
,GREKLAND,0.0,0.0,0.0,0.0,1.0,0.0,0.0,0.0,0.0,0.0,1.0,0.0
,GUINEA,0.0,0.0,1.0,1.0,0.0,0.0,0.0,0.0,0.0,0.0,1.0,1.0
,IRAK,0.0,0.0,1.0,0.0,1.0,0.0,1.0,0.0,1.0,0.0,4.0,0.0
,IRAN,0.0,0.0,3.0,0.0,3.0,0.0,1.0,0.0,1.0,0.0,8.0,0.0
,ISRAEL,0.0,0.0,0.0,0.0,4.0,0.0,0.0,0.0,0.0,0.0,4.0,0.0
,JORDANIEN,0.0,0.0,0.0,0.0,2.0,0.0,0.0,0.0,5.0,0.0,7.0,0.0
,KAZAKSTAN,0.0,0.0,0.0,0.0,0.0,0.0,0.0,0.0,2.0,0.0,2.0,0.0
,KENYA,5.0,0.0,0.0,0.0,0.0,0.0,0.0,0.0,0.0,0.0,5.0,0.0
,KIRGIZISTAN,0.0,0.0,1.0,0.0,0.0,0.0,0.0,0.0,4.0,0.0,5.0,0.0
,KOSOVO,0.0,0.0,0.0,0.0,0.0,0.0,0.0,0.0,1.0,0.0,1.0,0.0
,LIBANON,0.0,0.0,0.0,0.0,3.0,0.0,1.0,0.0,2.0,0.0,6.0,0.0
,MAKEDONIEN,0.0,0.0,0.0,0.0,3.0,0.0,0.0,0.0,0.0,0.0,3.0,0.0
,MAROCKO,0.0,0.0,2.0,1.0,0.0,0.0,0.0,0.0,1.0,0.0,3.0,1.0
,NIGERIA,0.0,0.0,0.0,0.0,1.0,0.0,0.0,0.0,0.0,0.0,1.0,0.0
,OKÄNT,0.0,0.0,1.0,1.0,1.0,1.0,0.0,0.0,0.0,0.0,2.0,2.0
,PAKISTAN,0.0,0.0,3.0,0.0,0.0,0.0,0.0,0.0,0.0,0.0,3.0,0.0
,RUMÄNIEN,0.0,0.0,0.0,0.0,1.0,0.0,0.0,0.0,4.0,0.0,5.0,0.0
,RYSSLAND,0.0,0.0,1.0,1.0,5.0,1.0,2.0,0.0,3.0,1.0,11.0,3.0
,SERBIEN,0.0,0.0,0.0,0.0,0.0,0.0,0.0,0.0,1.0,0.0,1.0,0.0
,SOMALIA,22.0,0.0,12.0,7.0,3.0,0.0,0.0,0.0,15.0,0.0,52.0,7.0
,STATEN PALESTINA,0.0,0.0,0.0,0.0,21.0,0.0,0.0,0.0,7.0,0.0,28.0,0.0
,STATSLÖS,6.0,0.0,24.0,5.0,165.0,12.0,4.0,0.0,103.0,0.0,302.0,17.0
,SUDAN,1.0,0.0,0.0,0.0,3.0,0.0,0.0,0.0,0.0,0.0,4.0,0.0
,SYRIEN,36.0,0.0,157.0,26.0,831.0,45.0,13.0,2.0,414.0,0.0,1451.0,73.0
,TUNISIEN,0.0,0.0,0.0,0.0,1.0,1.0,0.0,0.0,0.0,0.0,1.0,1.0
,UGANDA,0.0,0.0,0.0,0.0,4.0,0.0,0.0,0.0,0.0,0.0,4.0,0.0
,UKRAINA,0.0,0.0,1.0,1.0,6.0,0.0,0.0,0.0,4.0,0.0,11.0,1.0
,VITRYSSLAND,0.0,0.0,3.0,0.0,0.0,0.0,0.0,0.0,0.0,0.0,3.0,0.0
KALMAR LÄN,Delsumma,125.0,0.0,307.0,85.0,1237.0,72.0,25.0,2.0,607.0,1.0,2301.0,160.0
KRONOBERGS LÄN,AFGHANISTAN,18.0,0.0,22.0,13.0,17.0,7.0,1.0,1.0,75.0,0.0,133.0,21.0
,ARMENIEN,0.0,0.0,0.0,0.0,3.0,0.0,0.0,0.0,0.0,0.0,3.0,0.0
,BOSNIEN OCH HERCEGOVINA,0.0,0.0,0.0,0.0,3.0,0.0,0.0,0.0,0.0,0.0,3.0,0.0
,COLOMBIA,11.0,0.0,0.0,0.0,0.0,0.0,0.0,0.0,0.0,0.0,11.0,0.0
,DEM REPUBLIKEN KONGO,0.0,0.0,0.0,0.0,0.0,0.0,0.0,0.0,2.0,0.0,2.0,0.0
,DJIBOUTI,0.0,0.0,0.0,0.0,0.0,0.0,0.0,0.0,1.0,0.0,1.0,0.0
,ERITREA,0.0,0.0,27.0,10.0,137.0,10.0,1.0,0.0,12.0,0.0,177.0,20.0
,ETIOPIEN,0.0,0.0,1.0,1.0,1.0,0.0,0.0,0.0,5.0,0.0,7.0,1.0
,GEORGIEN,0.0,0.0,5.0,0.0,0.0,0.0,0.0,0.0,0.0,0.0,5.0,0.0
,GHANA,0.0,0.0,0.0,0.0,1.0,0.0,0.0,0.0,0.0,0.0,1.0,0.0
,INDIEN,0.0,0.0,0.0,0.0,0.0,0.0,0.0,0.0,1.0,0.0,1.0,0.0
,IRAK,0.0,0.0,0.0,0.0,12.0,2.0,0.0,0.0,5.0,0.0,17.0,2.0
,IRAN,0.0,0.0,1.0,0.0,6.0,0.0,0.0,0.0,3.0,0.0,10.0,0.0
,JORDANIEN,0.0,0.0,2.0,0.0,0.0,0.0,0.0,0.0,2.0,0.0,4.0,0.0
,KENYA,0.0,0.0,0.0,0.0,0.0,0.0,0.0,0.0,2.0,0.0,2.0,0.0
,KONGO,0.0,0.0,0.0,0.0,0.0,0.0,0.0,0.0,1.0,0.0,1.0,0.0
,KOSOVO,0.0,0.0,0.0,0.0,9.0,0.0,0.0,0.0,0.0,0.0,9.0,0.0
,LIBANON,0.0,0.0,0.0,0.0,2.0,0.0,0.0,0.0,0.0,0.0,2.0,0.0
,MAKEDONIEN,0.0,0.0,0.0,0.0,0.0,0.0,0.0,0.0,1.0,0.0,1.0,0.0
,NIGERIA,0.0,0.0,9.0,0.0,0.0,0.0,0.0,0.0,0.0,0.0,9.0,0.0
,OKÄNT,0.0,0.0,1.0,1.0,2.0,0.0,0.0,0.0,1.0,0.0,4.0,1.0
,PAKISTAN,0.0,0.0,0.0,0.0,1.0,0.0,0.0,0.0,4.0,0.0,5.0,0.0
,RUMÄNIEN,0.0,0.0,0.0,0.0,5.0,0.0,0.0,0.0,0.0,0.0,5.0,0.0
,RYSSLAND,0.0,0.0,12.0,0.0,27.0,2.0,4.0,0.0,1.0,0.0,44.0,2.0
,SOMALIA,0.0,0.0,10.0,10.0,40.0,6.0,0.0,0.0,70.0,0.0,120.0,16.0
,STATEN PALESTINA,0.0,0.0,1.0,0.0,8.0,0.0,0.0,0.0,0.0,0.0,9.0,0.0
,STATSLÖS,0.0,0.0,20.0,3.0,132.0,7.0,0.0,0.0,61.0,0.0,213.0,10.0
,SUDAN,0.0,0.0,0.0,0.0,3.0,0.0,0.0,0.0,0.0,0.0,3.0,0.0
,SYRIEN,0.0,0.0,67.0,8.0,412.0,25.0,17.0,1.0,331.0,0.0,827.0,34.0
,TUNISIEN,0.0,0.0,0.0,0.0,1.0,0.0,0.0,0.0,0.0,0.0,1.0,0.0
,UGANDA,0.0,0.0,2.0,2.0,5.0,0.0,0.0,0.0,8.0,0.0,15.0,2.0
,VITRYSSLAND,0.0,0.0,1.0,0.0,1.0,0.0,0.0,0.0,0.0,0.0,2.0,0.0
KRONOBERGS LÄN,Delsumma,29.0,0.0,181.0,48.0,828.0,59.0,23.0,2.0,586.0,0.0,1647.0,109.0
NORRBOTTENS LÄN,AFGHANISTAN,20.0,0.0,54.0,39.0,33.0,9.0,0.0,0.0,72.0,0.0,179.0,48.0
,ALBANIEN,0.0,0.0,5.0,0.0,1.0,0.0,0.0,0.0,0.0,0.0,6.0,0.0
,BANGLADESH,0.0,0.0,1.0,0.0,0.0,0.0,0.0,0.0,0.0,0.0,1.0,0.0
,BURMA,1.0,0.0,0.0,0.0,0.0,0.0,0.0,0.0,0.0,0.0,1.0,0.0
,BURUNDI,0.0,0.0,0.0,0.0,1.0,0.0,0.0,0.0,0.0,0.0,1.0,0.0
,COLOMBIA,5.0,0.0,0.0,0.0,0.0,0.0,0.0,0.0,0.0,0.0,5.0,0.0
,DEM REPUBLIKEN KONGO,8.0,0.0,0.0,0.0,0.0,0.0,0.0,0.0,2.0,0.0,10.0,0.0
,ECUADOR,1.0,0.0,0.0,0.0,0.0,0.0,0.0,0.0,0.0,0.0,1.0,0.0
,ELFENBENSKUSTEN,0.0,0.0,1.0,0.0,0.0,0.0,0.0,0.0,0.0,0.0,1.0,0.0
,ERITREA,1.0,0.0,73.0,16.0,116.0,1.0,1.0,0.0,35.0,0.0,226.0,17.0
,ETIOPIEN,0.0,0.0,12.0,4.0,3.0,0.0,0.0,0.0,1.0,0.0,16.0,4.0
,IRAK,0.0,0.0,0.0,0.0,4.0,0.0,0.0,0.0,1.0,0.0,5.0,0.0
,IRAN,0.0,0.0,0.0,0.0,5.0,0.0,0.0,0.0,0.0,0.0,5.0,0.0
,JEMEN,0.0,0.0,0.0,0.0,3.0,0.0,0.0,0.0,0.0,0.0,3.0,0.0
,JORDANIEN,0.0,0.0,0.0,0.0,8.0,0.0,0.0,0.0,0.0,0.0,8.0,0.0
,KANADA,0.0,0.0,0.0,0.0,0.0,0.0,0.0,0.0,3.0,0.0,3.0,0.0
,KAZAKSTAN,0.0,0.0,0.0,0.0,6.0,0.0,0.0,0.0,0.0,0.0,6.0,0.0
,KENYA,0.0,0.0,0.0,0.0,0.0,0.0,0.0,0.0,5.0,0.0,5.0,0.0
,KIRGIZISTAN,0.0,0.0,0.0,0.0,0.0,0.0,0.0,0.0,1.0,0.0,1.0,0.0
,LIBANON,0.0,0.0,0.0,0.0,1.0,0.0,0.0,0.0,0.0,0.0,1.0,0.0
,LIBYEN,0.0,0.0,0.0,0.0,1.0,0.0,0.0,0.0,0.0,0.0,1.0,0.0
,MALI,0.0,0.0,0.0,0.0,1.0,0.0,0.0,0.0,0.0,0.0,1.0,0.0
,MAROCKO,0.0,0.0,1.0,1.0,0.0,0.0,0.0,0.0,0.0,0.0,1.0,1.0
,MAURETANIEN,0.0,0.0,0.0,0.0,1.0,0.0,0.0,0.0,0.0,0.0,1.0,0.0
,MOLDAVIEN,0.0,0.0,0.0,0.0,0.0,0.0,0.0,0.0,4.0,0.0,4.0,0.0
,NIGERIA,0.0,0.0,1.0,0.0,2.0,0.0,0.0,0.0,0.0,0.0,3.0,0.0
,OKÄNT,0.0,0.0,0.0,0.0,0.0,0.0,1.0,0.0,0.0,0.0,1.0,0.0
,PAKISTAN,0.0,0.0,0.0,0.0,4.0,0.0,0.0,0.0,1.0,0.0,5.0,0.0
,RYSSLAND,0.0,0.0,0.0,0.0,0.0,0.0,0.0,0.0,3.0,0.0,3.0,0.0
,SENEGAL,0.0,0.0,0.0,0.0,1.0,1.0,0.0,0.0,0.0,0.0,1.0,1.0
,SOMALIA,17.0,0.0,15.0,13.0,8.0,2.0,0.0,0.0,98.0,0.0,138.0,15.0
,STATEN PALESTINA,0.0,0.0,0.0,0.0,2.0,0.0,0.0,0.0,0.0,0.0,2.0,0.0
,STATSLÖS,3.0,0.0,3.0,2.0,4.0,0.0,0.0,0.0,7.0,0.0,17.0,2.0
,SUDAN,2.0,0.0,0.0,0.0,0.0,0.0,0.0,0.0,2.0,0.0,4.0,0.0
,SYRIEN,52.0,3.0,36.0,2.0,58.0,2.0,1.0,0.0,43.0,0.0,190.0,7.0
,TANZANIA,0.0,0.0,0.0,0.0,2.0,0.0,0.0,0.0,0.0,0.0,2.0,0.0
,UGANDA,0.0,0.0,1.0,1.0,2.0,0.0,0.0,0.0,0.0,0.0,3.0,1.0
,UZBEKISTAN,0.0,0.0,8.0,0.0,0.0,0.0,0.0,0.0,0.0,0.0,8.0,0.0
NORRBOTTENS LÄN,Delsumma,110.0,3.0,211.0,78.0,267.0,15.0,3.0,0.0,278.0,0.0,869.0,96.0
SKÅNE LÄN,AFGHANISTAN,4.0,0.0,83.0,78.0,134.0,19.0,4.0,1.0,173.0,0.0,398.0,98.0
,ALBANIEN,0.0,0.0,0.0,0.0,3.0,0.0,0.0,0.0,0.0,0.0,3.0,0.0
,ALGERIET,0.0,0.0,1.0,1.0,0.0,0.0,0.0,0.0,3.0,0.0,4.0,1.0
,ARMENIEN,0.0,0.0,0.0,0.0,1.0,1.0,0.0,0.0,0.0,0.0,1.0,1.0
,AUSTRALIEN,0.0,0.0,0.0,0.0,0.0,0.0,1.0,0.0,0.0,0.0,1.0,0.0
,AZERBAJDZJAN,0.0,0.0,1.0,0.0,1.0,0.0,0.0,0.0,0.0,0.0,2.0,0.0
,BAHRAIN,0.0,0.0,0.0,0.0,6.0,0.0,0.0,0.0,0.0,0.0,6.0,0.0
,BOSNIEN OCH HERCEGOVINA,0.0,0.0,0.0,0.0,3.0,0.0,0.0,0.0,0.0,0.0,3.0,0.0
,BURUNDI,0.0,0.0,0.0,0.0,1.0,0.0,0.0,0.0,0.0,0.0,1.0,0.0
,EGYPTEN,0.0,0.0,0.0,0.0,0.0,0.0,0.0,0.0,6.0,0.0,6.0,0.0
,ERITREA,0.0,0.0,90.0,69.0,197.0,3.0,1.0,0.0,9.0,0.0,297.0,72.0
,ETIOPIEN,0.0,0.0,9.0,9.0,14.0,1.0,7.0,0.0,7.0,0.0,37.0,10.0
,GAMBIA,0.0,0.0,0.0,0.0,1.0,0.0,0.0,0.0,0.0,0.0,1.0,0.0
,GEORGIEN,0.0,0.0,0.0,0.0,4.0,0.0,0.0,0.0,0.0,0.0,4.0,0.0
,GHANA,0.0,0.0,0.0,0.0,0.0,0.0,1.0,0.0,1.0,0.0,2.0,0.0
,GUINEA,0.0,0.0,1.0,1.0,0.0,0.0,0.0,0.0,0.0,0.0,1.0,1.0
,IRAK,0.0,0.0,2.0,2.0,138.0,13.0,4.0,0.0,36.0,0.0,180.0,15.0
,IRAN,0.0,0.0,1.0,0.0,59.0,1.0,0.0,0.0,12.0,0.0,72.0,1.0
,JAMAICA,0.0,0.0,0.0,0.0,1.0,0.0,0.0,0.0,0.0,0.0,1.0,0.0
,JEMEN,0.0,0.0,1.0,1.0,7.0,0.0,1.0,0.0,4.0,0.0,13.0,1.0
,JORDANIEN,0.0,0.0,0.0,0.0,9.0,0.0,0.0,0.0,11.0,0.0,20.0,0.0
,KAMERUN,0.0,0.0,0.0,0.0,6.0,0.0,0.0,0.0,0.0,0.0,6.0,0.0
,KENYA,0.0,0.0,0.0,0.0,0.0,0.0,0.0,0.0,4.0,0.0,4.0,0.0
,KINA,0.0,0.0,0.0,0.0,1.0,0.0,0.0,0.0,0.0,0.0,1.0,0.0
,KIRGIZISTAN,0.0,0.0,0.0,0.0,1.0,0.0,0.0,0.0,0.0,0.0,1.0,0.0
,KONGO,0.0,0.0,1.0,1.0,0.0,0.0,0.0,0.0,0.0,0.0,1.0,1.0
,KOSOVO,0.0,0.0,8.0,0.0,16.0,2.0,0.0,0.0,4.0,0.0,28.0,2.0
,LIBANON,0.0,0.0,0.0,0.0,11.0,0.0,0.0,0.0,5.0,0.0,16.0,0.0
,LIBYEN,0.0,0.0,1.0,1.0,4.0,0.0,0.0,0.0,0.0,0.0,5.0,1.0
,MAKEDONIEN,0.0,0.0,0.0,0.0,3.0,0.0,0.0,0.0,0.0,0.0,3.0,0.0
,MAROCKO,0.0,0.0,6.0,6.0,6.0,3.0,0.0,0.0,2.0,0.0,14.0,9.0
,MAURETANIEN,0.0,0.0,0.0,0.0,2.0,0.0,0.0,0.0,0.0,0.0,2.0,0.0
,NEPAL,0.0,0.0,0.0,0.0,1.0,0.0,0.0,0.0,0.0,0.0,1.0,0.0
,NIGERIA,0.0,0.0,5.0,1.0,13.0,0.0,0.0,0.0,3.0,0.0,21.0,1.0
,OKÄNT,0.0,0.0,3.0,0.0,3.0,1.0,0.0,0.0,0.0,0.0,6.0,1.0
,PAKISTAN,0.0,0.0,0.0,0.0,10.0,0.0,0.0,0.0,2.0,0.0,12.0,0.0
,PORTUGAL,0.0,0.0,0.0,0.0,0.0,0.0,1.0,0.0,0.0,0.0,1.0,0.0
,RUMÄNIEN,0.0,0.0,0.0,0.0,1.0,0.0,0.0,0.0,0.0,0.0,1.0,0.0
,RYSSLAND,0.0,0.0,1.0,0.0,21.0,0.0,3.0,0.0,4.0,0.0,29.0,0.0
,SAUDIARABIEN,0.0,0.0,0.0,0.0,1.0,0.0,0.0,0.0,0.0,0.0,1.0,0.0
,SERBIEN,0.0,0.0,0.0,0.0,0.0,0.0,2.0,0.0,2.0,0.0,4.0,0.0
,SIERRA LEONE,0.0,0.0,0.0,0.0,1.0,0.0,0.0,0.0,0.0,0.0,1.0,0.0
,SOMALIA,0.0,0.0,26.0,26.0,56.0,9.0,3.0,0.0,82.0,0.0,167.0,35.0
,SRI LANKA,0.0,0.0,0.0,0.0,0.0,0.0,0.0,0.0,1.0,0.0,1.0,0.0
,STATEN PALESTINA,0.0,0.0,1.0,1.0,28.0,1.0,0.0,0.0,2.0,0.0,31.0,2.0
,STATSLÖS,10.0,0.0,48.0,11.0,675.0,50.0,4.0,0.0,506.0,0.0,1243.0,61.0
,SUDAN,0.0,0.0,1.0,1.0,7.0,0.0,0.0,0.0,1.0,0.0,9.0,1.0
,SYDSUDAN,3.0,0.0,0.0,0.0,0.0,0.0,0.0,0.0,0.0,0.0,3.0,0.0
,SYRIEN,43.0,0.0,203.0,63.0,1898.0,73.0,41.0,0.0,1261.0,0.0,3446.0,136.0
,TADZJIKISTAN,0.0,0.0,0.0,0.0,2.0,0.0,0.0,0.0,0.0,0.0,2.0,0.0
,THAILAND,0.0,0.0,0.0,0.0,2.0,0.0,0.0,0.0,0.0,0.0,2.0,0.0
,TUNISIEN,0.0,0.0,0.0,0.0,0.0,0.0,0.0,0.0,4.0,0.0,4.0,0.0
,TURKIET,0.0,0.0,0.0,0.0,1.0,0.0,0.0,0.0,0.0,0.0,1.0,0.0
,UGANDA,0.0,0.0,2.0,1.0,9.0,0.0,0.0,0.0,5.0,0.0,16.0,1.0
,UKRAINA,0.0,0.0,0.0,0.0,1.0,0.0,0.0,0.0,3.0,0.0,4.0,0.0
,UNDER UTREDNING,0.0,0.0,0.0,0.0,5.0,0.0,0.0,0.0,0.0,0.0,5.0,0.0
,USA,0.0,0.0,0.0,0.0,3.0,0.0,0.0,0.0,0.0,0.0,3.0,0.0
,UZBEKISTAN,0.0,0.0,0.0,0.0,3.0,0.0,0.0,0.0,0.0,0.0,3.0,0.0
,VITRYSSLAND,0.0,0.0,0.0,0.0,0.0,0.0,0.0,0.0,3.0,0.0,3.0,0.0
SKÅNE LÄN,Delsumma,60.0,0.0,495.0,273.0,3370.0,177.0,73.0,1.0,2156.0,0.0,6154.0,451.0
STOCKHOLMS LÄN,AFGHANISTAN,0.0,0.0,154.0,127.0,73.0,19.0,4.0,1.0,241.0,2.0,472.0,149.0
,ALBANIEN,0.0,0.0,11.0,0.0,6.0,0.0,1.0,0.0,0.0,0.0,18.0,0.0
,ALGERIET,0.0,0.0,0.0,0.0,2.0,0.0,1.0,0.0,0.0,0.0,3.0,0.0
,ARMENIEN,0.0,0.0,5.0,0.0,7.0,0.0,5.0,0.0,1.0,0.0,18.0,0.0
,AZERBAJDZJAN,0.0,0.0,0.0,0.0,19.0,1.0,4.0,0.0,4.0,0.0,27.0,1.0
,BANGLADESH,0.0,0.0,0.0,0.0,12.0,0.0,0.0,0.0,14.0,0.0,26.0,0.0
,BOLIVIA,0.0,0.0,0.0,0.0,6.0,0.0,1.0,0.0,0.0,0.0,7.0,0.0
,BOSNIEN OCH HERCEGOVINA,0.0,0.0,2.0,0.0,0.0,0.0,0.0,0.0,0.0,0.0,2.0,0.0
,BRASILIEN,0.0,0.0,0.0,0.0,0.0,0.0,1.0,0.0,0.0,0.0,1.0,0.0
,CHILE,0.0,0.0,0.0,0.0,0.0,0.0,0.0,0.0,1.0,0.0,1.0,0.0
,COLOMBIA,4.0,0.0,0.0,0.0,0.0,0.0,0.0,0.0,0.0,0.0,4.0,0.0
,DEM REPUBLIKEN KONGO,9.0,0.0,0.0,0.0,8.0,0.0,1.0,0.0,10.0,0.0,28.0,0.0
,DJIBOUTI,0.0,0.0,0.0,0.0,2.0,0.0,0.0,0.0,5.0,0.0,7.0,0.0
,ECUADOR,1.0,0.0,0.0,0.0,0.0,0.0,0.0,0.0,0.0,0.0,1.0,0.0
,EGYPTEN,0.0,0.0,0.0,0.0,33.0,0.0,0.0,0.0,4.0,0.0,37.0,0.0
,EL SALVADOR,0.0,0.0,0.0,0.0,6.0,0.0,1.0,0.0,1.0,0.0,8.0,0.0
,ERITREA,8.0,0.0,242.0,197.0,555.0,12.0,10.0,3.0,96.0,0.0,911.0,212.0
,ETIOPIEN,0.0,0.0,14.0,14.0,18.0,2.0,2.0,0.0,31.0,0.0,65.0,16.0
,FILIPPINERNA,0.0,0.0,0.0,0.0,2.0,0.0,0.0,0.0,4.0,0.0,6.0,0.0
,GAMBIA,0.0,0.0,1.0,1.0,4.0,0.0,1.0,0.0,0.0,0.0,6.0,1.0
,GHANA,0.0,0.0,1.0,1.0,0.0,0.0,0.0,0.0,1.0,0.0,2.0,1.0
,GUINEA,0.0,0.0,0.0,0.0,3.0,0.0,0.0,0.0,0.0,0.0,3.0,0.0
,INDIEN,0.0,0.0,0.0,0.0,1.0,0.0,0.0,0.0,0.0,0.0,1.0,0.0
,IRAK,4.0,0.0,18.0,3.0,225.0,9.0,3.0,0.0,21.0,0.0,271.0,12.0
,IRAN,0.0,0.0,0.0,0.0,81.0,2.0,1.0,0.0,19.0,0.0,101.0,2.0
,ISRAEL,0.0,0.0,0.0,0.0,3.0,0.0,0.0,0.0,0.0,0.0,3.0,0.0
,JEMEN,0.0,0.0,2.0,2.0,11.0,0.0,0.0,0.0,8.0,0.0,21.0,2.0
,JORDANIEN,0.0,0.0,0.0,0.0,14.0,0.0,0.0,0.0,2.0,0.0,16.0,0.0
,KAMERUN,0.0,0.0,0.0,0.0,0.0,0.0,1.0,0.0,0.0,0.0,1.0,0.0
,KAZAKSTAN,0.0,0.0,11.0,1.0,15.0,0.0,0.0,0.0,0.0,0.0,26.0,1.0
,KENYA,0.0,0.0,0.0,0.0,4.0,0.0,1.0,0.0,4.0,0.0,9.0,0.0
,KINA,0.0,0.0,1.0,0.0,7.0,0.0,0.0,0.0,3.0,0.0,11.0,0.0
,KIRGIZISTAN,0.0,0.0,3.0,0.0,11.0,0.0,0.0,0.0,0.0,0.0,14.0,0.0
,KONGO,0.0,0.0,0.0,0.0,1.0,1.0,0.0,0.0,0.0,0.0,1.0,1.0
,KOSOVO,0.0,0.0,2.0,0.0,0.0,0.0,0.0,0.0,0.0,0.0,2.0,0.0
,KUBA,0.0,0.0,0.0,0.0,1.0,0.0,1.0,0.0,0.0,0.0,2.0,0.0
,LIBANON,0.0,0.0,0.0,0.0,13.0,0.0,0.0,0.0,6.0,0.0,19.0,0.0
,LIBERIA,0.0,0.0,0.0,0.0,1.0,0.0,0.0,0.0,0.0,0.0,1.0,0.0
,LIBYEN,0.0,0.0,3.0,0.0,4.0,0.0,1.0,0.0,0.0,0.0,8.0,0.0
,MAKEDONIEN,0.0,0.0,6.0,0.0,0.0,0.0,0.0,0.0,0.0,0.0,6.0,0.0
,MAROCKO,0.0,0.0,0.0,0.0,2.0,1.0,1.0,0.0,4.0,0.0,7.0,1.0
,MOLDAVIEN,0.0,0.0,1.0,0.0,0.0,0.0,0.0,0.0,0.0,0.0,1.0,0.0
,MONGOLIET,0.0,0.0,3.0,0.0,25.0,0.0,5.0,0.0,5.0,0.0,38.0,0.0
,NICARAGUA,0.0,0.0,0.0,0.0,0.0,0.0,1.0,0.0,0.0,0.0,1.0,0.0
,NIGERIA,0.0,0.0,12.0,0.0,12.0,0.0,5.0,0.0,4.0,0.0,33.0,0.0
,NORDKOREA,0.0,0.0,1.0,1.0,0.0,0.0,0.0,0.0,0.0,0.0,1.0,1.0
,OKÄNT,0.0,0.0,2.0,1.0,4.0,1.0,0.0,0.0,4.0,0.0,10.0,2.0
,PAKISTAN,0.0,0.0,0.0,0.0,16.0,0.0,0.0,0.0,8.0,0.0,24.0,0.0
,PERU,0.0,0.0,0.0,0.0,1.0,0.0,0.0,0.0,0.0,0.0,1.0,0.0
,RWANDA,0.0,0.0,0.0,0.0,0.0,0.0,0.0,0.0,1.0,0.0,1.0,0.0
,RYSSLAND,0.0,0.0,17.0,1.0,20.0,0.0,0.0,0.0,0.0,0.0,37.0,1.0
,SAUDIARABIEN,0.0,0.0,1.0,1.0,0.0,0.0,0.0,0.0,0.0,0.0,1.0,1.0
,SENEGAL,0.0,0.0,1.0,1.0,2.0,0.0,0.0,0.0,0.0,0.0,3.0,1.0
,SERBIEN,0.0,0.0,8.0,1.0,1.0,0.0,0.0,0.0,0.0,0.0,9.0,1.0
,SIERRA LEONE,0.0,0.0,1.0,1.0,1.0,0.0,0.0,0.0,2.0,0.0,4.0,1.0
,SOMALIA,5.0,0.0,68.0,53.0,66.0,21.0,1.0,1.0,201.0,0.0,341.0,75.0
,SRI LANKA,0.0,0.0,0.0,0.0,2.0,0.0,0.0,0.0,4.0,0.0,6.0,0.0
,STATEN PALESTINA,0.0,0.0,2.0,2.0,17.0,0.0,0.0,0.0,0.0,0.0,19.0,2.0
,STATSLÖS,1.0,0.0,57.0,8.0,126.0,15.0,4.0,0.0,57.0,0.0,245.0,23.0
,STORBRITANNIEN,0.0,0.0,0.0,0.0,0.0,0.0,0.0,0.0,1.0,0.0,1.0,0.0
,SUDAN,0.0,0.0,0.0,0.0,3.0,0.0,0.0,0.0,0.0,0.0,3.0,0.0
,SWAZILAND,0.0,0.0,0.0,0.0,0.0,0.0,0.0,0.0,2.0,0.0,2.0,0.0
,SYRIEN,54.0,0.0,382.0,54.0,1949.0,43.0,57.0,1.0,639.0,0.0,3081.0,98.0
,TADZJIKISTAN,0.0,0.0,0.0,0.0,0.0,0.0,0.0,0.0,1.0,0.0,1.0,0.0
,TANZANIA,0.0,0.0,3.0,0.0,0.0,0.0,0.0,0.0,1.0,0.0,4.0,0.0
,TCHAD,0.0,0.0,1.0,1.0,0.0,0.0,0.0,0.0,0.0,0.0,1.0,1.0
,THAILAND,0.0,0.0,0.0,0.0,3.0,0.0,0.0,0.0,0.0,0.0,3.0,0.0
,TUNISIEN,0.0,0.0,0.0,0.0,1.0,0.0,0.0,0.0,0.0,0.0,1.0,0.0
,TURKIET,0.0,0.0,0.0,0.0,1.0,0.0,0.0,0.0,0.0,0.0,1.0,0.0
,TURKMENISTAN,0.0,0.0,0.0,0.0,1.0,0.0,0.0,0.0,0.0,0.0,1.0,0.0
,TYSKLAND,0.0,0.0,0.0,0.0,0.0,0.0,0.0,0.0,1.0,0.0,1.0,0.0
,UGANDA,0.0,0.0,3.0,3.0,19.0,3.0,0.0,0.0,7.0,0.0,29.0,6.0
,UKRAINA,0.0,0.0,0.0,0.0,0.0,0.0,2.0,0.0,3.0,0.0,5.0,0.0
,UNDER UTREDNING,0.0,0.0,0.0,0.0,3.0,1.0,0.0,0.0,0.0,0.0,3.0,1.0
,URUGUAY,0.0,0.0,0.0,0.0,0.0,0.0,2.0,0.0,0.0,0.0,2.0,0.0
,USA,0.0,0.0,0.0,0.0,0.0,0.0,1.0,0.0,1.0,0.0,2.0,0.0
,UZBEKISTAN,1.0,0.0,7.0,0.0,33.0,1.0,7.0,0.0,7.0,0.0,55.0,1.0
,VITRYSSLAND,0.0,0.0,0.0,0.0,5.0,0.0,0.0,0.0,1.0,0.0,6.0,0.0
,ZAMBIA,0.0,0.0,0.0,0.0,2.0,0.0,0.0,0.0,0.0,0.0,2.0,0.0
STOCKHOLMS LÄN,Delsumma,87.0,0.0,1046.0,474.0,3463.0,132.0,126.0,6.0,1430.0,2.0,6152.0,614.0
SÖDERMANLANDS LÄN,AFGHANISTAN,0.0,0.0,19.0,19.0,21.0,6.0,0.0,0.0,19.0,0.0,59.0,25.0
,ARMENIEN,0.0,0.0,0.0,0.0,8.0,0.0,1.0,0.0,0.0,0.0,9.0,0.0
,AZERBAJDZJAN,0.0,0.0,1.0,0.0,0.0,0.0,0.0,0.0,0.0,0.0,1.0,0.0
,COLOMBIA,8.0,0.0,0.0,0.0,0.0,0.0,0.0,0.0,0.0,0.0,8.0,0.0
,EGYPTEN,0.0,0.0,0.0,0.0,1.0,0.0,0.0,0.0,0.0,0.0,1.0,0.0
,ERITREA,0.0,0.0,45.0,25.0,416.0,9.0,5.0,0.0,62.0,0.0,528.0,34.0
,ETIOPIEN,0.0,0.0,1.0,1.0,4.0,2.0,0.0,0.0,9.0,0.0,14.0,3.0
,IRAK,0.0,0.0,2.0,2.0,25.0,0.0,0.0,0.0,5.0,0.0,32.0,2.0
,IRAN,0.0,0.0,0.0,0.0,4.0,0.0,1.0,0.0,0.0,0.0,5.0,0.0
,JEMEN,0.0,0.0,0.0,0.0,7.0,0.0,0.0,0.0,4.0,0.0,11.0,0.0
,JORDANIEN,0.0,0.0,0.0,0.0,3.0,0.0,0.0,0.0,6.0,0.0,9.0,0.0
,KENYA,0.0,0.0,0.0,0.0,0.0,0.0,0.0,0.0,4.0,0.0,4.0,0.0
,LITAUEN,0.0,0.0,0.0,0.0,0.0,0.0,0.0,0.0,2.0,0.0,2.0,0.0
,MALAYSIA,0.0,0.0,0.0,0.0,0.0,0.0,0.0,0.0,2.0,0.0,2.0,0.0
,MAROCKO,0.0,0.0,1.0,1.0,2.0,1.0,0.0,0.0,0.0,0.0,3.0,2.0
,NIGERIA,0.0,0.0,3.0,0.0,4.0,0.0,0.0,0.0,1.0,0.0,8.0,0.0
,OKÄNT,0.0,0.0,0.0,0.0,6.0,0.0,0.0,0.0,0.0,0.0,6.0,0.0
,RWANDA,0.0,0.0,0.0,0.0,0.0,0.0,0.0,0.0,1.0,0.0,1.0,0.0
,RYSSLAND,0.0,0.0,5.0,0.0,0.0,0.0,0.0,0.0,0.0,0.0,5.0,0.0
,SAUDIARABIEN,0.0,0.0,0.0,0.0,0.0,0.0,0.0,0.0,1.0,0.0,1.0,0.0
,SENEGAL,0.0,0.0,0.0,0.0,1.0,0.0,0.0,0.0,0.0,0.0,1.0,0.0
,SERBIEN,0.0,0.0,0.0,0.0,5.0,0.0,15.0,1.0,0.0,0.0,20.0,1.0
,SOMALIA,0.0,0.0,14.0,13.0,61.0,8.0,1.0,0.0,114.0,0.0,190.0,21.0
,STATEN PALESTINA,0.0,0.0,1.0,0.0,6.0,0.0,0.0,0.0,0.0,0.0,7.0,0.0
,STATSLÖS,0.0,0.0,15.0,3.0,75.0,3.0,3.0,0.0,44.0,0.0,137.0,6.0
,SUDAN,0.0,0.0,2.0,0.0,0.0,0.0,0.0,0.0,2.0,0.0,4.0,0.0
,SYRIEN,0.0,0.0,81.0,16.0,594.0,20.0,29.0,0.0,403.0,0.0,1107.0,36.0
,UGANDA,0.0,0.0,1.0,0.0,1.0,0.0,0.0,0.0,0.0,0.0,2.0,0.0
,UKRAINA,0.0,0.0,0.0,0.0,0.0,0.0,0.0,0.0,4.0,0.0,4.0,0.0
,UZBEKISTAN,0.0,0.0,4.0,0.0,0.0,0.0,0.0,0.0,0.0,0.0,4.0,0.0
SÖDERMANLANDS LÄN,Delsumma,8.0,0.0,195.0,80.0,1244.0,49.0,55.0,1.0,683.0,0.0,2185.0,130.0
UPPSALA LÄN,AFGHANISTAN,3.0,0.0,30.0,30.0,19.0,9.0,0.0,0.0,92.0,0.0,144.0,39.0
,AZERBAJDZJAN,0.0,0.0,0.0,0.0,3.0,0.0,0.0,0.0,0.0,0.0,3.0,0.0
,BANGLADESH,0.0,0.0,0.0,0.0,4.0,0.0,0.0,0.0,0.0,0.0,4.0,0.0
,COLOMBIA,3.0,0.0,0.0,0.0,0.0,0.0,0.0,0.0,0.0,0.0,3.0,0.0
,DEM REPUBLIKEN KONGO,12.0,0.0,2.0,2.0,3.0,0.0,0.0,0.0,0.0,0.0,17.0,2.0
,DJIBOUTI,0.0,0.0,0.0,0.0,0.0,0.0,0.0,0.0,1.0,0.0,1.0,0.0
,ERITREA,0.0,0.0,36.0,24.0,112.0,2.0,0.0,0.0,22.0,0.0,170.0,26.0
,ETIOPIEN,0.0,0.0,6.0,4.0,2.0,1.0,0.0,0.0,11.0,0.0,19.0,5.0
,GAMBIA,0.0,0.0,0.0,0.0,1.0,0.0,0.0,0.0,0.0,0.0,1.0,0.0
,GEORGIEN,0.0,0.0,0.0,0.0,1.0,0.0,0.0,0.0,0.0,0.0,1.0,0.0
,IRAK,0.0,0.0,0.0,0.0,11.0,0.0,0.0,0.0,4.0,0.0,15.0,0.0
,IRAN,2.0,0.0,0.0,0.0,21.0,2.0,2.0,0.0,4.0,0.0,29.0,2.0
,ISRAEL,0.0,0.0,0.0,0.0,3.0,0.0,0.0,0.0,0.0,0.0,3.0,0.0
,JEMEN,0.0,0.0,1.0,1.0,0.0,0.0,0.0,0.0,0.0,0.0,1.0,1.0
,JORDANIEN,0.0,0.0,1.0,0.0,0.0,0.0,0.0,0.0,3.0,0.0,4.0,0.0
,KAZAKSTAN,0.0,0.0,0.0,0.0,0.0,0.0,0.0,0.0,1.0,0.0,1.0,0.0
,KINA,0.0,0.0,0.0,0.0,1.0,0.0,0.0,0.0,1.0,0.0,2.0,0.0
,KOSOVO,0.0,0.0,0.0,0.0,9.0,0.0,0.0,0.0,0.0,0.0,9.0,0.0
,LIBANON,0.0,0.0,0.0,0.0,0.0,0.0,0.0,0.0,1.0,0.0,1.0,0.0
,MAROCKO,0.0,0.0,0.0,0.0,0.0,0.0,0.0,0.0,1.0,0.0,1.0,0.0
,MAURETANIEN,0.0,0.0,0.0,0.0,0.0,0.0,0.0,0.0,1.0,0.0,1.0,0.0
,NIGERIA,0.0,0.0,0.0,0.0,2.0,1.0,0.0,0.0,0.0,0.0,2.0,1.0
,PAKISTAN,0.0,0.0,0.0,0.0,0.0,0.0,0.0,0.0,1.0,0.0,1.0,0.0
,RYSSLAND,0.0,0.0,0.0,0.0,4.0,0.0,0.0,0.0,0.0,0.0,4.0,0.0
,SENEGAL,0.0,0.0,0.0,0.0,1.0,0.0,0.0,0.0,0.0,0.0,1.0,0.0
,SOMALIA,4.0,0.0,17.0,15.0,6.0,1.0,0.0,0.0,36.0,0.0,63.0,16.0
,STATEN PALESTINA,0.0,0.0,5.0,1.0,13.0,0.0,0.0,0.0,6.0,0.0,24.0,1.0
,STATSLÖS,2.0,0.0,7.0,3.0,103.0,6.0,10.0,0.0,115.0,0.0,237.0,9.0
,SUDAN,0.0,0.0,1.0,1.0,0.0,0.0,0.0,0.0,2.0,0.0,3.0,1.0
,SYRIEN,17.0,0.0,78.0,12.0,220.0,11.0,0.0,0.0,174.0,0.0,489.0,23.0
,TURKIET,0.0,0.0,0.0,0.0,0.0,0.0,1.0,0.0,3.0,0.0,4.0,0.0
,UGANDA,0.0,0.0,0.0,0.0,1.0,0.0,0.0,0.0,14.0,0.0,15.0,0.0
,UKRAINA,0.0,0.0,0.0,0.0,1.0,0.0,0.0,0.0,0.0,0.0,1.0,0.0
,UNDER UTREDNING,0.0,0.0,0.0,0.0,1.0,0.0,0.0,0.0,0.0,0.0,1.0,0.0
,USA,0.0,0.0,0.0,0.0,0.0,0.0,1.0,0.0,0.0,0.0,1.0,0.0
,ZIMBABWE,5.0,0.0,0.0,0.0,0.0,0.0,0.0,0.0,0.0,0.0,5.0,0.0
UPPSALA LÄN,Delsumma,48.0,0.0,184.0,93.0,542.0,33.0,14.0,0.0,493.0,0.0,1281.0,126.0
VÄRMLANDS LÄN,AFGHANISTAN,5.0,0.0,23.0,20.0,22.0,2.0,0.0,0.0,28.0,0.0,78.0,22.0
,ALGERIET,0.0,0.0,1.0,1.0,0.0,0.0,0.0,0.0,0.0,0.0,1.0,1.0
,ARMENIEN,0.0,0.0,4.0,0.0,2.0,0.0,0.0,0.0,2.0,0.0,8.0,0.0
,AZERBAJDZJAN,0.0,0.0,0.0,0.0,3.0,0.0,0.0,0.0,3.0,0.0,6.0,0.0
,BURUNDI,0.0,0.0,0.0,0.0,0.0,0.0,0.0,0.0,1.0,0.0,1.0,0.0
,DEM REPUBLIKEN KONGO,15.0,0.0,1.0,1.0,2.0,0.0,0.0,0.0,2.0,0.0,20.0,1.0
,DJIBOUTI,0.0,0.0,0.0,0.0,0.0,0.0,0.0,0.0,1.0,0.0,1.0,0.0
,EGYPTEN,0.0,0.0,0.0,0.0,3.0,0.0,0.0,0.0,0.0,0.0,3.0,0.0
,ERITREA,0.0,0.0,68.0,33.0,174.0,2.0,0.0,0.0,11.0,0.0,253.0,35.0
,ETIOPIEN,0.0,0.0,0.0,0.0,3.0,0.0,0.0,0.0,6.0,0.0,9.0,0.0
,GAMBIA,0.0,0.0,0.0,0.0,1.0,0.0,0.0,0.0,0.0,0.0,1.0,0.0
,IRAK,0.0,0.0,0.0,0.0,0.0,0.0,0.0,0.0,4.0,0.0,4.0,0.0
,IRAN,0.0,0.0,0.0,0.0,1.0,0.0,0.0,0.0,0.0,0.0,1.0,0.0
,JEMEN,0.0,0.0,0.0,0.0,2.0,0.0,0.0,0.0,0.0,0.0,2.0,0.0
,JORDANIEN,0.0,0.0,0.0,0.0,0.0,0.0,0.0,0.0,2.0,0.0,2.0,0.0
,KAMERUN,0.0,0.0,0.0,0.0,0.0,0.0,0.0,0.0,5.0,0.0,5.0,0.0
,KENYA,0.0,0.0,0.0,0.0,1.0,0.0,0.0,0.0,1.0,0.0,2.0,0.0
,KOSOVO,0.0,0.0,0.0,0.0,9.0,2.0,0.0,0.0,0.0,0.0,9.0,2.0
,LIBANON,0.0,0.0,2.0,0.0,4.0,0.0,0.0,0.0,0.0,0.0,6.0,0.0
,MAKEDONIEN,0.0,0.0,1.0,1.0,0.0,0.0,0.0,0.0,0.0,0.0,1.0,1.0
,NICARAGUA,0.0,0.0,0.0,0.0,4.0,0.0,0.0,0.0,0.0,0.0,4.0,0.0
,NIGERIA,0.0,0.0,0.0,0.0,1.0,0.0,0.0,0.0,0.0,0.0,1.0,0.0
,OKÄNT,0.0,0.0,1.0,1.0,1.0,0.0,0.0,0.0,1.0,0.0,3.0,1.0
,RUMÄNIEN,0.0,0.0,0.0,0.0,0.0,0.0,0.0,0.0,1.0,0.0,1.0,0.0
,SENEGAL,0.0,0.0,0.0,0.0,0.0,0.0,0.0,0.0,1.0,0.0,1.0,0.0
,SERBIEN,0.0,0.0,5.0,0.0,0.0,0.0,0.0,0.0,0.0,0.0,5.0,0.0
,SIERRA LEONE,0.0,0.0,0.0,0.0,1.0,0.0,0.0,0.0,0.0,0.0,1.0,0.0
,SOMALIA,57.0,0.0,11.0,8.0,14.0,2.0,1.0,0.0,34.0,0.0,117.0,10.0
,SRI LANKA,0.0,0.0,0.0,0.0,1.0,0.0,0.0,0.0,0.0,0.0,1.0,0.0
,STATEN PALESTINA,0.0,0.0,1.0,0.0,4.0,0.0,0.0,0.0,4.0,0.0,9.0,0.0
,STATSLÖS,3.0,0.0,47.0,2.0,71.0,3.0,0.0,0.0,69.0,0.0,190.0,5.0
,SYRIEN,21.0,0.0,175.0,15.0,428.0,24.0,9.0,1.0,426.0,0.0,1059.0,40.0
,TANZANIA,0.0,0.0,0.0,0.0,1.0,0.0,0.0,0.0,0.0,0.0,1.0,0.0
,UGANDA,0.0,0.0,4.0,1.0,3.0,0.0,0.0,0.0,2.0,0.0,9.0,1.0
,UKRAINA,0.0,0.0,4.0,0.0,3.0,0.0,0.0,0.0,1.0,0.0,8.0,0.0
,UNDER UTREDNING,0.0,0.0,0.0,0.0,3.0,1.0,0.0,0.0,0.0,0.0,3.0,1.0
,UNGERN,0.0,0.0,0.0,0.0,1.0,0.0,0.0,0.0,0.0,0.0,1.0,0.0
VÄRMLANDS LÄN,Delsumma,101.0,0.0,348.0,83.0,763.0,36.0,10.0,1.0,605.0,0.0,1827.0,120.0
VÄSTERBOTTENS LÄN,AFGHANISTAN,27.0,0.0,59.0,43.0,10.0,4.0,0.0,0.0,82.0,0.0,178.0,47.0
,AZERBAJDZJAN,0.0,0.0,0.0,0.0,4.0,0.0,0.0,0.0,1.0,1.0,5.0,1.0
,BURUNDI,0.0,0.0,0.0,0.0,1.0,0.0,0.0,0.0,6.0,0.0,7.0,0.0
,CENTRALAFRIKANSKA REPUBLIKEN,0.0,0.0,0.0,0.0,0.0,0.0,0.0,0.0,1.0,0.0,1.0,0.0
,COLOMBIA,2.0,0.0,0.0,0.0,0.0,0.0,0.0,0.0,0.0,0.0,2.0,0.0
,DEM REPUBLIKEN KONGO,40.0,2.0,0.0,0.0,1.0,0.0,0.0,0.0,10.0,0.0,51.0,2.0
,ERITREA,12.0,0.0,80.0,29.0,160.0,5.0,6.0,0.0,29.0,0.0,287.0,34.0
,ETIOPIEN,23.0,0.0,7.0,6.0,4.0,0.0,0.0,0.0,7.0,0.0,41.0,6.0
,INDIEN,0.0,0.0,0.0,0.0,1.0,0.0,0.0,0.0,0.0,0.0,1.0,0.0
,IRAK,3.0,0.0,0.0,0.0,7.0,0.0,0.0,0.0,2.0,0.0,12.0,0.0
,IRAN,0.0,0.0,1.0,0.0,10.0,0.0,1.0,0.0,3.0,0.0,15.0,0.0
,JORDANIEN,0.0,0.0,0.0,0.0,0.0,0.0,0.0,0.0,1.0,0.0,1.0,0.0
,KAZAKSTAN,0.0,0.0,0.0,0.0,9.0,0.0,0.0,0.0,0.0,0.0,9.0,0.0
,KENYA,0.0,0.0,0.0,0.0,1.0,1.0,0.0,0.0,0.0,0.0,1.0,1.0
,KUBA,0.0,0.0,0.0,0.0,0.0,0.0,0.0,0.0,2.0,0.0,2.0,0.0
,LIBYEN,0.0,0.0,0.0,0.0,4.0,0.0,0.0,0.0,0.0,0.0,4.0,0.0
,MAROCKO,0.0,0.0,3.0,3.0,1.0,1.0,0.0,0.0,0.0,0.0,4.0,4.0
,MONGOLIET,0.0,0.0,0.0,0.0,0.0,0.0,0.0,0.0,3.0,0.0,3.0,0.0
,NIGERIA,0.0,0.0,0.0,0.0,1.0,0.0,0.0,0.0,0.0,0.0,1.0,0.0
,OKÄNT,0.0,0.0,0.0,0.0,2.0,0.0,0.0,0.0,0.0,0.0,2.0,0.0
,PAKISTAN,0.0,0.0,5.0,0.0,0.0,0.0,0.0,0.0,0.0,0.0,5.0,0.0
,RWANDA,0.0,0.0,0.0,0.0,0.0,0.0,0.0,0.0,1.0,0.0,1.0,0.0
,RYSSLAND,0.0,0.0,2.0,0.0,0.0,0.0,1.0,0.0,1.0,0.0,4.0,0.0
,SERBIEN,0.0,0.0,0.0,0.0,1.0,1.0,0.0,0.0,0.0,0.0,1.0,1.0
,SOMALIA,47.0,0.0,19.0,17.0,6.0,0.0,0.0,0.0,84.0,0.0,156.0,17.0
,STATEN PALESTINA,0.0,0.0,0.0,0.0,1.0,0.0,0.0,0.0,2.0,0.0,3.0,0.0
,STATSLÖS,10.0,0.0,10.0,1.0,6.0,1.0,0.0,0.0,3.0,0.0,29.0,2.0
,SYDSUDAN,0.0,0.0,0.0,0.0,0.0,0.0,0.0,0.0,1.0,0.0,1.0,0.0
,SYRIEN,61.0,0.0,31.0,4.0,62.0,0.0,3.0,0.0,36.0,0.0,193.0,4.0
,TANZANIA,0.0,0.0,0.0,0.0,0.0,0.0,0.0,0.0,1.0,0.0,1.0,0.0
,UGANDA,2.0,0.0,0.0,0.0,1.0,1.0,0.0,0.0,3.0,0.0,6.0,1.0
VÄSTERBOTTENS LÄN,Delsumma,227.0,2.0,217.0,103.0,293.0,14.0,11.0,0.0,279.0,1.0,1027.0,120.0
VÄSTERNORRLANDS LÄN,AFGHANISTAN,15.0,0.0,19.0,15.0,24.0,8.0,0.0,0.0,25.0,0.0,83.0,23.0
,ALBANIEN,0.0,0.0,0.0,0.0,5.0,0.0,0.0,0.0,0.0,0.0,5.0,0.0
,ARMENIEN,0.0,0.0,0.0,0.0,1.0,0.0,0.0,0.0,0.0,0.0,1.0,0.0
,AZERBAJDZJAN,0.0,0.0,0.0,0.0,3.0,0.0,1.0,0.0,0.0,0.0,4.0,0.0
,BANGLADESH,0.0,0.0,0.0,0.0,2.0,0.0,0.0,0.0,0.0,0.0,2.0,0.0
,COLOMBIA,5.0,0.0,0.0,0.0,0.0,0.0,0.0,0.0,0.0,0.0,5.0,0.0
,DEM REPUBLIKEN KONGO,2.0,0.0,0.0,0.0,1.0,0.0,0.0,0.0,1.0,0.0,4.0,0.0
,EGYPTEN,0.0,0.0,0.0,0.0,1.0,0.0,0.0,0.0,0.0,0.0,1.0,0.0
,ELFENBENSKUSTEN,1.0,0.0,0.0,0.0,0.0,0.0,0.0,0.0,0.0,0.0,1.0,0.0
,ERITREA,16.0,0.0,117.0,30.0,483.0,5.0,7.0,0.0,64.0,0.0,687.0,35.0
,ETIOPIEN,11.0,0.0,5.0,5.0,9.0,1.0,0.0,0.0,14.0,0.0,39.0,6.0
,HONDURAS,0.0,0.0,0.0,0.0,2.0,0.0,0.0,0.0,0.0,0.0,2.0,0.0
,IRAK,2.0,0.0,1.0,1.0,9.0,0.0,0.0,0.0,6.0,0.0,18.0,1.0
,IRAN,2.0,0.0,3.0,0.0,14.0,1.0,0.0,0.0,7.0,0.0,26.0,1.0
,JAMAICA,1.0,0.0,0.0,0.0,0.0,0.0,0.0,0.0,0.0,0.0,1.0,0.0
,JEMEN,0.0,0.0,0.0,0.0,8.0,0.0,0.0,0.0,0.0,0.0,8.0,0.0
,JORDANIEN,1.0,0.0,0.0,0.0,1.0,0.0,0.0,0.0,1.0,0.0,3.0,0.0
,KAMERUN,0.0,0.0,0.0,0.0,2.0,0.0,0.0,0.0,3.0,0.0,5.0,0.0
,KENYA,0.0,0.0,0.0,0.0,2.0,0.0,0.0,0.0,1.0,0.0,3.0,0.0
,LIBANON,0.0,0.0,0.0,0.0,0.0,0.0,0.0,0.0,1.0,0.0,1.0,0.0
,LIBYEN,0.0,0.0,1.0,0.0,0.0,0.0,0.0,0.0,0.0,0.0,1.0,0.0
,MALI,0.0,0.0,0.0,0.0,1.0,0.0,0.0,0.0,0.0,0.0,1.0,0.0
,MAROCKO,0.0,0.0,1.0,1.0,0.0,0.0,0.0,0.0,0.0,0.0,1.0,1.0
,NIGERIA,0.0,0.0,3.0,1.0,1.0,0.0,0.0,0.0,1.0,0.0,5.0,1.0
,OKÄNT,0.0,0.0,0.0,0.0,1.0,0.0,0.0,0.0,0.0,0.0,1.0,0.0
,PAKISTAN,0.0,0.0,0.0,0.0,0.0,0.0,0.0,0.0,2.0,0.0,2.0,0.0
,RUMÄNIEN,0.0,0.0,0.0,0.0,0.0,0.0,0.0,0.0,1.0,0.0,1.0,0.0
,RWANDA,5.0,0.0,0.0,0.0,0.0,0.0,0.0,0.0,0.0,0.0,5.0,0.0
,SENEGAL,0.0,0.0,0.0,0.0,1.0,0.0,0.0,0.0,0.0,0.0,1.0,0.0
,SIERRA LEONE,0.0,0.0,0.0,0.0,1.0,0.0,0.0,0.0,0.0,0.0,1.0,0.0
,SOMALIA,29.0,0.0,11.0,11.0,14.0,1.0,0.0,0.0,34.0,0.0,88.0,12.0
,STATEN PALESTINA,0.0,0.0,0.0,0.0,7.0,0.0,0.0,0.0,3.0,0.0,10.0,0.0
,STATSLÖS,30.0,0.0,7.0,0.0,47.0,1.0,1.0,0.0,26.0,0.0,111.0,1.0
,STORBRITANNIEN,0.0,0.0,0.0,0.0,0.0,0.0,0.0,0.0,1.0,0.0,1.0,0.0
,SUDAN,5.0,0.0,1.0,1.0,2.0,0.0,0.0,0.0,4.0,0.0,12.0,1.0
,SYRIEN,77.0,1.0,76.0,4.0,253.0,3.0,3.0,0.0,205.0,0.0,614.0,8.0
,TCHAD,0.0,0.0,0.0,0.0,3.0,2.0,0.0,0.0,0.0,0.0,3.0,2.0
,UGANDA,0.0,0.0,2.0,1.0,5.0,1.0,0.0,0.0,3.0,0.0,10.0,2.0
,UKRAINA,0.0,0.0,0.0,0.0,4.0,0.0,0.0,0.0,0.0,0.0,4.0,0.0
,VIETNAM,0.0,0.0,0.0,0.0,0.0,0.0,1.0,0.0,0.0,0.0,1.0,0.0
VÄSTERNORRLANDS LÄN,Delsumma,202.0,1.0,247.0,70.0,907.0,23.0,13.0,0.0,403.0,0.0,1772.0,94.0
VÄSTMANLANDS LÄN,AFGHANISTAN,2.0,0.0,31.0,31.0,10.0,0.0,0.0,0.0,14.0,0.0,57.0,31.0
,ALBANIEN,0.0,0.0,1.0,0.0,4.0,0.0,0.0,0.0,0.0,0.0,5.0,0.0
,ARMENIEN,0.0,0.0,0.0,0.0,6.0,0.0,0.0,0.0,0.0,0.0,6.0,0.0
,DEM REPUBLIKEN KONGO,6.0,0.0,0.0,0.0,0.0,0.0,0.0,0.0,1.0,0.0,7.0,0.0
,EGYPTEN,0.0,0.0,0.0,0.0,1.0,0.0,0.0,0.0,0.0,0.0,1.0,0.0
,ERITREA,0.0,0.0,88.0,34.0,261.0,7.0,0.0,0.0,41.0,0.0,390.0,41.0
,ETIOPIEN,0.0,0.0,3.0,2.0,7.0,2.0,0.0,0.0,7.0,0.0,17.0,4.0
,FILIPPINERNA,0.0,0.0,0.0,0.0,0.0,0.0,0.0,0.0,1.0,0.0,1.0,0.0
,GEORGIEN,0.0,0.0,3.0,0.0,0.0,0.0,0.0,0.0,0.0,0.0,3.0,0.0
,GREKLAND,0.0,0.0,0.0,0.0,0.0,0.0,0.0,0.0,3.0,0.0,3.0,0.0
,GUINEA,0.0,0.0,1.0,1.0,0.0,0.0,0.0,0.0,0.0,0.0,1.0,1.0
,IRAK,0.0,0.0,1.0,0.0,22.0,0.0,0.0,0.0,3.0,0.0,26.0,0.0
,IRAN,0.0,0.0,0.0,0.0,19.0,2.0,0.0,0.0,1.0,0.0,20.0,2.0
,KENYA,0.0,0.0,0.0,0.0,0.0,0.0,0.0,0.0,1.0,0.0,1.0,0.0
,LIBANON,0.0,0.0,0.0,0.0,0.0,0.0,0.0,0.0,5.0,0.0,5.0,0.0
,LIBYEN,0.0,0.0,0.0,0.0,1.0,0.0,0.0,0.0,7.0,0.0,8.0,0.0
,NIGERIA,0.0,0.0,0.0,0.0,2.0,0.0,0.0,0.0,0.0,0.0,2.0,0.0
,OKÄNT,0.0,0.0,1.0,0.0,0.0,0.0,0.0,0.0,0.0,0.0,1.0,0.0
,PAKISTAN,0.0,0.0,0.0,0.0,1.0,0.0,0.0,0.0,0.0,0.0,1.0,0.0
,RYSSLAND,0.0,0.0,0.0,0.0,2.0,0.0,0.0,0.0,0.0,0.0,2.0,0.0
,SOMALIA,21.0,0.0,13.0,11.0,21.0,4.0,2.0,0.0,59.0,0.0,116.0,15.0
,STATEN PALESTINA,0.0,0.0,4.0,0.0,3.0,1.0,0.0,0.0,0.0,0.0,7.0,1.0
,STATSLÖS,3.0,0.0,13.0,2.0,59.0,4.0,0.0,0.0,53.0,0.0,128.0,6.0
,SUDAN,0.0,0.0,0.0,0.0,1.0,0.0,0.0,0.0,1.0,0.0,2.0,0.0
,SYRIEN,9.0,1.0,142.0,16.0,580.0,15.0,9.0,0.0,298.0,0.0,1038.0,32.0
,TUNISIEN,0.0,0.0,0.0,0.0,0.0,0.0,0.0,0.0,1.0,0.0,1.0,0.0
,TURKIET,0.0,0.0,0.0,0.0,3.0,2.0,0.0,0.0,0.0,0.0,3.0,2.0
,UGANDA,0.0,0.0,0.0,0.0,2.0,0.0,0.0,0.0,0.0,0.0,2.0,0.0
,UKRAINA,0.0,0.0,1.0,0.0,0.0,0.0,0.0,0.0,0.0,0.0,1.0,0.0
,VITRYSSLAND,0.0,0.0,1.0,0.0,0.0,0.0,0.0,0.0,0.0,0.0,1.0,0.0
VÄSTMANLANDS LÄN,Delsumma,41.0,1.0,303.0,97.0,1005.0,37.0,11.0,0.0,496.0,0.0,1856.0,135.0
VÄSTRA GÖTALANDS LÄN,AFGHANISTAN,9.0,0.0,129.0,97.0,94.0,19.0,7.0,1.0,203.0,0.0,442.0,117.0
,ALBANIEN,0.0,0.0,1.0,0.0,13.0,0.0,0.0,0.0,0.0,0.0,14.0,0.0
,ALGERIET,0.0,0.0,1.0,0.0,0.0,0.0,0.0,0.0,0.0,0.0,1.0,0.0
,AZERBAJDZJAN,0.0,0.0,4.0,0.0,15.0,0.0,0.0,0.0,3.0,0.0,22.0,0.0
,BANGLADESH,0.0,0.0,2.0,2.0,2.0,0.0,0.0,0.0,0.0,0.0,4.0,2.0
,BELGIEN,0.0,0.0,0.0,0.0,0.0,0.0,0.0,0.0,1.0,0.0,1.0,0.0
,BURKINA FASO,0.0,0.0,0.0,0.0,0.0,0.0,0.0,0.0,1.0,0.0,1.0,0.0
,COLOMBIA,16.0,0.0,0.0,0.0,2.0,0.0,0.0,0.0,0.0,0.0,18.0,0.0
,DEM REPUBLIKEN KONGO,11.0,0.0,0.0,0.0,0.0,0.0,1.0,0.0,5.0,0.0,17.0,0.0
,DJIBOUTI,0.0,0.0,0.0,0.0,0.0,0.0,0.0,0.0,1.0,0.0,1.0,0.0
,ECUADOR,4.0,0.0,0.0,0.0,0.0,0.0,0.0,0.0,0.0,0.0,4.0,0.0
,EGYPTEN,0.0,0.0,0.0,0.0,5.0,0.0,1.0,0.0,6.0,0.0,12.0,0.0
,ELFENBENSKUSTEN,0.0,0.0,0.0,0.0,0.0,0.0,0.0,0.0,1.0,0.0,1.0,0.0
,ERITREA,0.0,0.0,165.0,119.0,465.0,9.0,3.0,2.0,71.0,0.0,704.0,130.0
,ETIOPIEN,0.0,0.0,11.0,11.0,14.0,4.0,0.0,0.0,20.0,0.0,45.0,15.0
,GEORGIEN,0.0,0.0,1.0,1.0,5.0,0.0,0.0,0.0,0.0,0.0,6.0,1.0
,GUINEA,0.0,0.0,0.0,0.0,1.0,1.0,0.0,0.0,0.0,0.0,1.0,1.0
,IRAK,1.0,0.0,14.0,2.0,89.0,8.0,3.0,0.0,27.0,0.0,134.0,10.0
,IRAN,0.0,0.0,4.0,3.0,83.0,1.0,0.0,0.0,24.0,0.0,111.0,4.0
,JEMEN,0.0,0.0,7.0,0.0,14.0,0.0,0.0,0.0,10.0,0.0,31.0,0.0
,JORDANIEN,0.0,0.0,0.0,0.0,4.0,0.0,0.0,0.0,11.0,0.0,15.0,0.0
,KAMERUN,0.0,0.0,0.0,0.0,1.0,0.0,0.0,0.0,5.0,0.0,6.0,0.0
,KANADA,0.0,0.0,1.0,1.0,0.0,0.0,0.0,0.0,0.0,0.0,1.0,1.0
,KENYA,7.0,0.0,0.0,0.0,0.0,0.0,0.0,0.0,3.0,0.0,10.0,0.0
,KINA,0.0,0.0,0.0,0.0,1.0,0.0,0.0,0.0,2.0,0.0,3.0,0.0
,KOSOVO,0.0,0.0,0.0,0.0,35.0,0.0,0.0,0.0,0.0,0.0,35.0,0.0
,LIBANON,0.0,0.0,6.0,0.0,20.0,1.0,0.0,0.0,5.0,0.0,31.0,1.0
,MAKEDONIEN,0.0,0.0,1.0,0.0,0.0,0.0,0.0,0.0,0.0,0.0,1.0,0.0
,MALAYSIA,0.0,0.0,0.0,0.0,1.0,0.0,0.0,0.0,0.0,0.0,1.0,0.0
,MAROCKO,0.0,0.0,4.0,1.0,4.0,0.0,0.0,0.0,2.0,0.0,10.0,1.0
,MAURETANIEN,0.0,0.0,0.0,0.0,0.0,0.0,1.0,1.0,0.0,0.0,1.0,1.0
,MONGOLIET,0.0,0.0,0.0,0.0,4.0,0.0,0.0,0.0,0.0,0.0,4.0,0.0
,NEDERLÄNDERNA,0.0,0.0,0.0,0.0,0.0,0.0,0.0,0.0,2.0,0.0,2.0,0.0
,NIGERIA,0.0,0.0,1.0,0.0,6.0,1.0,1.0,0.0,4.0,0.0,12.0,1.0
,OKÄNT,0.0,0.0,2.0,0.0,5.0,0.0,0.0,0.0,0.0,0.0,7.0,0.0
,PAKISTAN,0.0,0.0,5.0,0.0,3.0,0.0,0.0,0.0,12.0,0.0,20.0,0.0
,RYSSLAND,0.0,0.0,29.0,0.0,20.0,1.0,1.0,1.0,2.0,0.0,52.0,2.0
,SAUDIARABIEN,0.0,0.0,0.0,0.0,1.0,0.0,0.0,0.0,0.0,0.0,1.0,0.0
,SENEGAL,0.0,0.0,0.0,0.0,0.0,0.0,1.0,0.0,0.0,0.0,1.0,0.0
,SERBIEN,0.0,0.0,0.0,0.0,9.0,1.0,1.0,0.0,0.0,0.0,10.0,1.0
,SOMALIA,2.0,0.0,76.0,55.0,218.0,40.0,2.0,0.0,532.0,1.0,830.0,96.0
,STATEN PALESTINA,0.0,0.0,0.0,0.0,49.0,0.0,1.0,0.0,14.0,0.0,64.0,0.0
,STATSLÖS,19.0,2.0,81.0,26.0,398.0,18.0,2.0,0.0,370.0,0.0,870.0,46.0
,SUDAN,0.0,0.0,1.0,1.0,5.0,0.0,1.0,0.0,8.0,0.0,15.0,1.0
,SYRIEN,84.0,0.0,503.0,70.0,2039.0,91.0,24.0,1.0,1645.0,0.0,4295.0,162.0
,TANZANIA,0.0,0.0,0.0,0.0,2.0,0.0,0.0,0.0,0.0,0.0,2.0,0.0
,TURKMENISTAN,0.0,0.0,0.0,0.0,1.0,0.0,0.0,0.0,0.0,0.0,1.0,0.0
,UGANDA,0.0,0.0,1.0,1.0,10.0,1.0,0.0,0.0,1.0,0.0,12.0,2.0
,UKRAINA,0.0,0.0,0.0,0.0,6.0,0.0,0.0,0.0,5.0,0.0,11.0,0.0
,UNDER UTREDNING,0.0,0.0,0.0,0.0,7.0,0.0,0.0,0.0,0.0,0.0,7.0,0.0
,USA,0.0,0.0,0.0,0.0,1.0,0.0,0.0,0.0,0.0,0.0,1.0,0.0
,UZBEKISTAN,0.0,0.0,1.0,1.0,6.0,0.0,0.0,0.0,0.0,0.0,7.0,1.0
,VITRYSSLAND,0.0,0.0,0.0,0.0,1.0,0.0,0.0,0.0,2.0,0.0,3.0,0.0
,ZAMBIA,0.0,0.0,0.0,0.0,1.0,0.0,0.0,0.0,0.0,0.0,1.0,0.0
,ZIMBABWE,1.0,0.0,0.0,0.0,1.0,0.0,0.0,0.0,0.0,0.0,2.0,0.0
VÄSTRA GÖTALANDS LÄN,Delsumma,154.0,2.0,1051.0,391.0,3661.0,196.0,50.0,6.0,2998.0,1.0,7914.0,596.0
ÖREBRO LÄN,AFGHANISTAN,3.0,0.0,44.0,21.0,43.0,17.0,10.0,2.0,33.0,0.0,133.0,40.0
,ALBANIEN,0.0,0.0,0.0,0.0,8.0,0.0,0.0,0.0,0.0,0.0,8.0,0.0
,ARMENIEN,0.0,0.0,0.0,0.0,13.0,0.0,1.0,0.0,0.0,0.0,14.0,0.0
,AZERBAJDZJAN,0.0,0.0,3.0,0.0,5.0,0.0,0.0,0.0,0.0,0.0,8.0,0.0
,BURMA,4.0,0.0,0.0,0.0,0.0,0.0,0.0,0.0,1.0,0.0,5.0,0.0
,BURUNDI,0.0,0.0,0.0,0.0,0.0,0.0,0.0,0.0,2.0,0.0,2.0,0.0
,COLOMBIA,6.0,0.0,0.0,0.0,0.0,0.0,0.0,0.0,0.0,0.0,6.0,0.0
,DEM REPUBLIKEN KONGO,0.0,0.0,0.0,0.0,3.0,0.0,0.0,0.0,0.0,0.0,3.0,0.0
,ERITREA,0.0,0.0,66.0,50.0,303.0,5.0,1.0,0.0,21.0,0.0,391.0,55.0
,ETIOPIEN,0.0,0.0,4.0,0.0,7.0,0.0,0.0,0.0,6.0,0.0,17.0,0.0
,FILIPPINERNA,0.0,0.0,0.0,0.0,0.0,0.0,0.0,0.0,1.0,0.0,1.0,0.0
,GAMBIA,0.0,0.0,1.0,0.0,0.0,0.0,0.0,0.0,5.0,0.0,6.0,0.0
,GUINEA,0.0,0.0,0.0,0.0,1.0,0.0,0.0,0.0,0.0,0.0,1.0,0.0
,IRAK,0.0,0.0,1.0,1.0,31.0,4.0,0.0,0.0,0.0,0.0,32.0,5.0
,IRAN,0.0,0.0,0.0,0.0,15.0,0.0,0.0,0.0,7.0,0.0,22.0,0.0
,JEMEN,0.0,0.0,0.0,0.0,5.0,1.0,0.0,0.0,1.0,0.0,6.0,1.0
,KENYA,0.0,0.0,0.0,0.0,2.0,0.0,0.0,0.0,0.0,0.0,2.0,0.0
,KUBA,0.0,0.0,0.0,0.0,1.0,0.0,0.0,0.0,0.0,0.0,1.0,0.0
,LIBANON,0.0,0.0,1.0,0.0,1.0,0.0,0.0,0.0,0.0,0.0,2.0,0.0
,LIBYEN,0.0,0.0,0.0,0.0,1.0,0.0,0.0,0.0,0.0,0.0,1.0,0.0
,MAROCKO,0.0,0.0,0.0,0.0,0.0,0.0,0.0,0.0,1.0,0.0,1.0,0.0
,MONGOLIET,0.0,0.0,0.0,0.0,1.0,0.0,0.0,0.0,0.0,0.0,1.0,0.0
,NIGERIA,0.0,0.0,0.0,0.0,4.0,0.0,0.0,0.0,0.0,0.0,4.0,0.0
,OKÄNT,0.0,0.0,0.0,0.0,1.0,0.0,0.0,0.0,0.0,0.0,1.0,0.0
,PAKISTAN,5.0,0.0,0.0,0.0,1.0,0.0,0.0,0.0,0.0,0.0,6.0,0.0
,RYSSLAND,0.0,0.0,3.0,0.0,7.0,0.0,0.0,0.0,0.0,0.0,10.0,0.0
,SOMALIA,9.0,0.0,12.0,10.0,51.0,5.0,1.0,0.0,58.0,0.0,131.0,15.0
,STATEN PALESTINA,0.0,0.0,0.0,0.0,8.0,0.0,0.0,0.0,2.0,0.0,10.0,0.0
,STATSLÖS,3.0,0.0,14.0,3.0,73.0,8.0,0.0,0.0,41.0,0.0,131.0,11.0
,SUDAN,0.0,0.0,0.0,0.0,0.0,0.0,0.0,0.0,1.0,0.0,1.0,0.0
,SYRIEN,27.0,0.0,67.0,8.0,583.0,6.0,8.0,1.0,445.0,0.0,1130.0,15.0
,TUNISIEN,0.0,0.0,0.0,0.0,1.0,0.0,0.0,0.0,0.0,0.0,1.0,0.0
,TURKIET,0.0,0.0,2.0,0.0,5.0,0.0,0.0,0.0,1.0,0.0,8.0,0.0
,UGANDA,0.0,0.0,0.0,0.0,0.0,0.0,0.0,0.0,4.0,0.0,4.0,0.0
,UKRAINA,0.0,0.0,0.0,0.0,0.0,0.0,1.0,0.0,5.0,0.0,6.0,0.0
,UNDER UTREDNING,0.0,0.0,5.0,0.0,0.0,0.0,0.0,0.0,0.0,0.0,5.0,0.0
,USA,0.0,0.0,0.0,0.0,2.0,0.0,0.0,0.0,0.0,0.0,2.0,0.0
,UZBEKISTAN,0.0,0.0,0.0,0.0,1.0,0.0,0.0,0.0,0.0,0.0,1.0,0.0
ÖREBRO LÄN,Delsumma,57.0,0.0,223.0,93.0,1177.0,46.0,22.0,3.0,635.0,0.0,2114.0,142.0
ÖSTERGÖTLANDS LÄN,AFGHANISTAN,3.0,0.0,34.0,33.0,16.0,2.0,0.0,0.0,34.0,1.0,87.0,36.0
,ALBANIEN,0.0,0.0,1.0,0.0,0.0,0.0,0.0,0.0,0.0,0.0,1.0,0.0
,ARMENIEN,0.0,0.0,0.0,0.0,5.0,2.0,0.0,0.0,0.0,0.0,5.0,2.0
,AZERBAJDZJAN,0.0,0.0,0.0,0.0,3.0,0.0,3.0,0.0,0.0,0.0,6.0,0.0
,BURMA,0.0,0.0,0.0,0.0,1.0,0.0,0.0,0.0,0.0,0.0,1.0,0.0
,COLOMBIA,6.0,0.0,0.0,0.0,0.0,0.0,0.0,0.0,0.0,0.0,6.0,0.0
,DEM REPUBLIKEN KONGO,7.0,0.0,0.0,0.0,0.0,0.0,0.0,0.0,6.0,0.0,13.0,0.0
,DJIBOUTI,0.0,0.0,0.0,0.0,0.0,0.0,0.0,0.0,3.0,0.0,3.0,0.0
,EGYPTEN,0.0,0.0,4.0,0.0,1.0,0.0,0.0,0.0,0.0,0.0,5.0,0.0
,ERITREA,0.0,0.0,79.0,46.0,190.0,6.0,1.0,0.0,47.0,0.0,317.0,52.0
,ETIOPIEN,0.0,0.0,7.0,4.0,5.0,1.0,0.0,0.0,8.0,0.0,20.0,5.0
,GREKLAND,0.0,0.0,0.0,0.0,2.0,0.0,0.0,0.0,0.0,0.0,2.0,0.0
,INDIEN,0.0,0.0,0.0,0.0,1.0,0.0,0.0,0.0,1.0,0.0,2.0,0.0
,IRAK,1.0,0.0,9.0,0.0,31.0,3.0,1.0,0.0,3.0,0.0,45.0,3.0
,IRAN,0.0,0.0,0.0,0.0,5.0,0.0,0.0,0.0,3.0,0.0,8.0,0.0
,JEMEN,0.0,0.0,0.0,0.0,1.0,1.0,0.0,0.0,0.0,0.0,1.0,1.0
,JORDANIEN,0.0,0.0,0.0,0.0,1.0,0.0,0.0,0.0,1.0,0.0,2.0,0.0
,KAMERUN,0.0,0.0,0.0,0.0,0.0,0.0,0.0,0.0,1.0,0.0,1.0,0.0
,KENYA,0.0,0.0,0.0,0.0,0.0,0.0,0.0,0.0,4.0,0.0,4.0,0.0
,KIRGIZISTAN,0.0,0.0,0.0,0.0,0.0,0.0,0.0,0.0,1.0,0.0,1.0,0.0
,KOSOVO,0.0,0.0,5.0,0.0,0.0,0.0,0.0,0.0,0.0,0.0,5.0,0.0
,LIBANON,0.0,0.0,0.0,0.0,0.0,0.0,0.0,0.0,1.0,0.0,1.0,0.0
,LIBYEN,0.0,0.0,0.0,0.0,11.0,0.0,0.0,0.0,0.0,0.0,11.0,0.0
,MALI,0.0,0.0,1.0,0.0,0.0,0.0,0.0,0.0,0.0,0.0,1.0,0.0
,MAROCKO,0.0,0.0,0.0,0.0,1.0,0.0,0.0,0.0,0.0,0.0,1.0,0.0
,NEDERLÄNDERNA,0.0,0.0,0.0,0.0,0.0,0.0,0.0,0.0,2.0,0.0,2.0,0.0
,NIGERIA,0.0,0.0,0.0,0.0,2.0,1.0,0.0,0.0,0.0,0.0,2.0,1.0
,OKÄNT,0.0,0.0,0.0,0.0,0.0,0.0,0.0,0.0,8.0,0.0,8.0,0.0
,PAKISTAN,0.0,0.0,0.0,0.0,1.0,0.0,0.0,0.0,0.0,0.0,1.0,0.0
,RYSSLAND,0.0,0.0,6.0,0.0,0.0,0.0,0.0,0.0,2.0,0.0,8.0,0.0
,SERBIEN,0.0,0.0,1.0,1.0,4.0,1.0,1.0,1.0,0.0,0.0,6.0,3.0
,SIERRA LEONE,0.0,0.0,1.0,1.0,0.0,0.0,0.0,0.0,0.0,0.0,1.0,1.0
,SOMALIA,0.0,0.0,14.0,14.0,49.0,8.0,0.0,0.0,109.0,0.0,172.0,22.0
,STATEN PALESTINA,0.0,0.0,0.0,0.0,5.0,0.0,0.0,0.0,0.0,0.0,5.0,0.0
,STATSLÖS,4.0,0.0,10.0,3.0,39.0,7.0,1.0,0.0,75.0,0.0,129.0,10.0
,STORBRITANNIEN,0.0,0.0,0.0,0.0,0.0,0.0,0.0,0.0,1.0,0.0,1.0,0.0
,SUDAN,0.0,0.0,1.0,0.0,0.0,0.0,0.0,0.0,1.0,0.0,2.0,0.0
,SYRIEN,33.0,0.0,141.0,13.0,755.0,18.0,12.0,0.0,302.0,0.0,1243.0,31.0
,TADZJIKISTAN,0.0,0.0,0.0,0.0,0.0,0.0,0.0,0.0,1.0,0.0,1.0,0.0
,TUNISIEN,0.0,0.0,0.0,0.0,2.0,0.0,0.0,0.0,0.0,0.0,2.0,0.0
,UGANDA,0.0,0.0,2.0,2.0,5.0,0.0,1.0,0.0,0.0,0.0,8.0,2.0
,UKRAINA,0.0,0.0,0.0,0.0,2.0,0.0,0.0,0.0,1.0,0.0,3.0,0.0
,ZAMBIA,0.0,0.0,0.0,0.0,1.0,0.0,0.0,0.0,0.0,0.0,1.0,0.0
ÖSTERGÖTLANDS LÄN,Delsumma,54.0,0.0,316.0,117.0,1139.0,50.0,20.0,1.0,615.0,1.0,2144.0,169.0
,Totalt,1897.0,13.0,6848.0,2536.0,26036.0,1208.0,579.0,30.0,15837.0,7.0,51197.0,3794.0
